V4,V5,V6,V7,V8,V9,V10,V11,V12,V13,V14,V15,V20,label
0.00784,7e-05,0.0037,0.00554,0.01109,0.04374,0.426,0.02182,0.0313,0.02971,0.06545,0.02211,0.266482,1.0
0.00968,8e-05,0.00465,0.00696,0.01394,0.06134,0.626,0.03134,0.04518,0.04368,0.09403,0.01929,0.33559,1.0
0.0105,9e-05,0.00544,0.00781,0.01633,0.05233,0.482,0.02757,0.03858,0.0359,0.0827,0.01309,0.311173,1.0
0.00997,9e-05,0.00502,0.00698,0.01505,0.05492,0.517,0.02924,0.04005,0.03772,0.08771,0.01353,0.334147,1.0
0.01284,0.00011,0.00655,0.00908,0.01966,0.06425,0.584,0.0349,0.04825,0.04465,0.1047,0.01767,0.234513,1.0
0.00968,8e-05,0.00463,0.0075,0.01388,0.04701,0.456,0.02328,0.03526,0.03243,0.06985,0.01222,0.299111,1.0
0.00333,3e-05,0.00155,0.00202,0.00466,0.01608,0.14,0.00779,0.00937,0.01351,0.02337,0.00607,0.257682,1.0
0.0029,3e-05,0.00144,0.00182,0.00431,0.01567,0.134,0.00829,0.00946,0.01256,0.02487,0.00344,0.183721,1.0
0.00551,6e-05,0.00293,0.00332,0.0088,0.02093,0.191,0.01073,0.01277,0.01717,0.03218,0.0107,0.327769,1.0
0.00532,6e-05,0.00268,0.00332,0.00803,0.02838,0.255,0.01441,0.01725,0.02444,0.04324,0.01022,0.325996,1.0
0.00505,6e-05,0.00254,0.0033,0.00763,0.02143,0.197,0.01079,0.01342,0.01892,0.03237,0.01166,0.391002,1.0
0.0054,6e-05,0.00281,0.00336,0.00844,0.02752,0.249,0.01424,0.01641,0.02214,0.04272,0.01141,0.363566,1.0
0.00293,2e-05,0.00118,0.00153,0.00355,0.01259,0.112,0.00656,0.00717,0.0114,0.01968,0.00581,0.152813,1.0
0.0039,3e-05,0.00165,0.00208,0.00496,0.01642,0.154,0.00728,0.00932,0.01797,0.02184,0.01041,0.254989,1.0
0.00294,2e-05,0.00121,0.00149,0.00364,0.01828,0.158,0.01064,0.00972,0.01246,0.03191,0.00609,0.203653,1.0
0.00369,3e-05,0.00157,0.00203,0.00471,0.01503,0.126,0.00772,0.00888,0.01359,0.02316,0.00839,0.210185,1.0
0.00544,4e-05,0.00211,0.00292,0.00632,0.02047,0.192,0.00969,0.012,0.02074,0.02908,0.01859,0.239764,1.0
0.00718,4e-05,0.00284,0.00387,0.00853,0.03327,0.348,0.01441,0.01893,0.0343,0.04322,0.02919,0.434326,1.0
0.00742,5e-05,0.00364,0.00432,0.01092,0.05517,0.542,0.02471,0.03572,0.05767,0.07413,0.0316,0.35787,1.0
0.00768,5e-05,0.00372,0.00399,0.01116,0.03995,0.348,0.01721,0.02374,0.0431,0.05164,0.03365,0.340176,1.0
0.0084,5e-05,0.00428,0.0045,0.01285,0.0381,0.328,0.01667,0.02383,0.04055,0.05,0.03871,0.262564,1.0
0.0048,3e-05,0.00232,0.00267,0.00696,0.04137,0.37,0.02021,0.02591,0.04525,0.06062,0.01849,0.237622,1.0
0.00442,3e-05,0.0022,0.00247,0.00661,0.04351,0.377,0.02228,0.0254,0.04246,0.06685,0.0128,0.262384,1.0
0.00476,3e-05,0.00221,0.00258,0.00663,0.04192,0.364,0.02187,0.0247,0.03772,0.06562,0.0184,0.210279,1.0
0.00742,5e-05,0.0038,0.0039,0.0114,0.01659,0.164,0.00738,0.00948,0.01497,0.02214,0.01778,0.22089,1.0
0.00633,6e-05,0.00316,0.00375,0.00948,0.03767,0.381,0.01732,0.02245,0.0378,0.05197,0.02887,0.236853,1.0
0.00455,3e-05,0.0025,0.00234,0.0075,0.01966,0.186,0.00889,0.01169,0.01872,0.02666,0.01095,0.226278,1.0
0.00496,3e-05,0.0025,0.00275,0.00749,0.01919,0.198,0.00883,0.01144,0.01826,0.0265,0.01328,0.196102,1.0
0.0031,2e-05,0.00159,0.00176,0.00476,0.01718,0.161,0.00769,0.01012,0.01661,0.02307,0.00677,0.279789,1.0
0.00502,3e-05,0.0028,0.00253,0.00841,0.01791,0.168,0.00793,0.01057,0.01799,0.0238,0.0117,0.209866,1.0
0.00289,1e-05,0.00166,0.00168,0.00498,0.01098,0.097,0.00563,0.0068,0.00802,0.01689,0.00339,0.177551,0.0
0.00241,1e-05,0.00134,0.00138,0.00402,0.01015,0.089,0.00504,0.00641,0.00762,0.01513,0.00167,0.173319,0.0
0.00212,1e-05,0.00113,0.00135,0.00339,0.01263,0.111,0.0064,0.00825,0.00951,0.01919,0.00119,0.175181,0.0
0.0018,9e-06,0.00093,0.00107,0.00278,0.00954,0.085,0.00469,0.00606,0.00719,0.01407,0.00072,0.17854,0.0
0.00178,9e-06,0.00094,0.00106,0.00283,0.00958,0.085,0.00468,0.0061,0.00726,0.01403,0.00065,0.163519,0.0
0.00198,1e-05,0.00105,0.00115,0.00314,0.01194,0.107,0.00586,0.0076,0.00957,0.01758,0.00135,0.170183,0.0
0.00411,2e-05,0.00233,0.00241,0.007,0.02126,0.189,0.01154,0.01347,0.01612,0.03463,0.00586,0.218037,1.0
0.00369,2e-05,0.00205,0.00218,0.00616,0.01851,0.168,0.00938,0.0116,0.01491,0.02814,0.0034,0.196371,1.0
0.00284,2e-05,0.00153,0.00166,0.00459,0.01444,0.131,0.00726,0.00885,0.0119,0.02177,0.00231,0.212294,1.0
0.00316,2e-05,0.00168,0.00182,0.00504,0.01663,0.151,0.00829,0.01003,0.01366,0.02488,0.00265,0.266892,1.0
0.00298,2e-05,0.00165,0.00175,0.00496,0.01495,0.135,0.00774,0.00941,0.01233,0.02321,0.00231,0.201095,1.0
0.00258,1e-05,0.00134,0.00147,0.00403,0.01463,0.132,0.00742,0.00901,0.01234,0.02226,0.00257,0.063412,1.0
0.00298,1e-05,0.00169,0.00182,0.00507,0.01752,0.164,0.01035,0.01024,0.01133,0.03104,0.0074,0.098648,0.0
0.00281,1e-05,0.00157,0.00173,0.0047,0.0176,0.154,0.01006,0.01038,0.01251,0.03017,0.00675,0.158266,0.0
0.0021,9e-06,0.00109,0.00137,0.00327,0.01419,0.126,0.00777,0.00898,0.01033,0.0233,0.00454,0.091608,0.0
0.00225,9e-06,0.00117,0.00139,0.0035,0.01494,0.134,0.00847,0.00879,0.01014,0.02542,0.00476,0.102083,0.0
0.00235,1e-05,0.00127,0.00148,0.0038,0.01608,0.141,0.00906,0.00977,0.01149,0.02719,0.00476,0.127642,0.0
0.00185,7e-06,0.00092,0.00113,0.00276,0.01152,0.103,0.00614,0.0073,0.0086,0.01841,0.00432,0.200873,0.0
0.00524,4e-05,0.00169,0.00203,0.00507,0.01613,0.143,0.00855,0.00776,0.01433,0.02566,0.00839,0.266392,0.0
0.00428,3e-05,0.00124,0.00155,0.00373,0.01681,0.154,0.0093,0.00802,0.014,0.02789,0.00462,0.264967,0.0
0.00431,3e-05,0.00141,0.00167,0.00422,0.02184,0.197,0.01241,0.01024,0.01685,0.03724,0.00479,0.254498,0.0
0.00448,4e-05,0.00131,0.00169,0.00393,0.02033,0.185,0.01143,0.00959,0.01614,0.03429,0.00474,0.291954,0.0
0.00436,3e-05,0.00137,0.00166,0.00411,0.02297,0.21,0.01323,0.01072,0.01677,0.03969,0.00481,0.220434,0.0
0.0049,4e-05,0.00165,0.00183,0.00495,0.02498,0.228,0.01396,0.01219,0.01947,0.04188,0.00484,0.269866,0.0
0.00761,7e-05,0.00349,0.00486,0.01046,0.02719,0.255,0.01483,0.01609,0.02067,0.0445,0.01036,0.205558,1.0
0.00874,8e-05,0.00398,0.00539,0.01193,0.03209,0.307,0.01789,0.01992,0.02454,0.05368,0.0118,0.221727,1.0
0.00784,7e-05,0.00352,0.00514,0.01056,0.03715,0.334,0.02032,0.02302,0.02802,0.06097,0.00969,0.238298,1.0
0.00752,6e-05,0.00299,0.00469,0.00898,0.02293,0.221,0.01189,0.01459,0.01948,0.03568,0.00681,0.290024,1.0
0.00788,7e-05,0.00334,0.00493,0.01003,0.02645,0.265,0.01394,0.01625,0.02137,0.04183,0.00786,0.262633,1.0
0.00867,8e-05,0.00373,0.0052,0.0112,0.03225,0.35,0.01805,0.01974,0.02519,0.05414,0.01143,0.221711,1.0
0.00282,1e-05,0.00147,0.00152,0.00442,0.01861,0.17,0.00975,0.01258,0.01382,0.02925,0.00871,0.066994,0.0
0.00264,1e-05,0.00154,0.00151,0.00461,0.01906,0.165,0.01013,0.01296,0.0134,0.03039,0.00301,0.086372,0.0
0.00266,1e-05,0.00152,0.00144,0.00457,0.01643,0.145,0.00867,0.01108,0.012,0.02602,0.0034,0.095882,0.0
0.00296,1e-05,0.00175,0.00155,0.00526,0.01644,0.145,0.00882,0.01075,0.01179,0.02647,0.00351,0.018689,0.0
0.00205,9e-06,0.00114,0.00113,0.00342,0.01457,0.129,0.00769,0.00957,0.01016,0.02308,0.003,0.056844,0.0
0.00238,1e-05,0.00136,0.0014,0.00408,0.01745,0.154,0.00942,0.0116,0.01234,0.02827,0.0042,0.006274,0.0
0.00817,6e-05,0.0043,0.0044,0.01289,0.03198,0.313,0.0183,0.0181,0.02428,0.0549,0.02183,0.22685,1.0
0.00923,7e-05,0.00507,0.00463,0.0152,0.03111,0.308,0.01638,0.01759,0.02603,0.04914,0.02659,0.20566,1.0
0.01101,8e-05,0.00647,0.00467,0.01941,0.05384,0.478,0.03152,0.02422,0.03392,0.09455,0.04882,0.151814,1.0
0.00762,5e-05,0.00467,0.00354,0.014,0.05428,0.497,0.03357,0.02494,0.03635,0.1007,0.02431,0.120956,1.0
0.00831,6e-05,0.00469,0.00419,0.01407,0.03485,0.365,0.01868,0.01906,0.02949,0.05605,0.02599,0.15883,1.0
0.00971,7e-05,0.00534,0.00478,0.01601,0.04978,0.483,0.02749,0.02466,0.03736,0.08247,0.03361,0.224852,1.0
0.00405,3e-05,0.0018,0.0022,0.0054,0.01706,0.152,0.00974,0.00925,0.01345,0.02921,0.00442,0.329066,1.0
0.00533,5e-05,0.00268,0.00329,0.00805,0.02448,0.226,0.01373,0.01375,0.01956,0.0412,0.00623,0.306636,1.0
0.00494,4e-05,0.0026,0.00283,0.0078,0.02442,0.216,0.01432,0.01325,0.01831,0.04295,0.00479,0.201861,1.0
0.00516,5e-05,0.00277,0.00289,0.00831,0.02215,0.206,0.01284,0.01219,0.01715,0.03851,0.00472,0.315074,1.0
0.005,4e-05,0.0027,0.00289,0.0081,0.03999,0.35,0.02413,0.02231,0.02704,0.07238,0.00905,0.341169,1.0
0.00462,4e-05,0.00226,0.0028,0.00677,0.02199,0.197,0.01284,0.01199,0.01636,0.03852,0.0042,0.250572,1.0
0.00608,6e-05,0.00331,0.00332,0.00994,0.03202,0.263,0.01803,0.01886,0.02455,0.05408,0.01062,0.249494,1.0
0.01038,0.0001,0.00622,0.00576,0.01865,0.03121,0.361,0.01773,0.01783,0.02139,0.0532,0.0222,0.265699,1.0
0.00694,7e-05,0.00389,0.00415,0.01168,0.04024,0.364,0.02266,0.02451,0.02876,0.06799,0.01823,0.155097,1.0
0.00702,7e-05,0.00428,0.00371,0.01283,0.03156,0.296,0.01792,0.01841,0.0219,0.05377,0.01825,0.210458,1.0
0.00606,6e-05,0.00351,0.00348,0.01053,0.02427,0.216,0.01371,0.01421,0.01751,0.04114,0.01237,0.146948,1.0
0.00432,4e-05,0.00247,0.00258,0.00742,0.02223,0.202,0.01277,0.01343,0.01552,0.03831,0.00882,0.078202,1.0
0.00747,4e-05,0.00418,0.0042,0.01254,0.04795,0.435,0.02679,0.03022,0.0351,0.08037,0.0547,0.343073,1.0
0.00406,2e-05,0.0022,0.00244,0.00659,0.03852,0.331,0.02107,0.02493,0.02877,0.06321,0.02782,0.315903,1.0
0.00321,2e-05,0.00163,0.00194,0.00488,0.03759,0.327,0.02073,0.02415,0.02784,0.06219,0.03151,0.335753,1.0
0.0052,3e-05,0.00287,0.00312,0.00862,0.06511,0.58,0.03671,0.04159,0.04683,0.11012,0.04824,0.299549,1.0
0.00448,3e-05,0.00237,0.00254,0.0071,0.06727,0.65,0.03788,0.04254,0.04802,0.11363,0.04214,0.299793,1.0
0.00709,4e-05,0.00391,0.00419,0.01172,0.04313,0.442,0.02297,0.02768,0.03455,0.06892,0.07223,0.375531,1.0
0.00742,4e-05,0.00387,0.00453,0.01161,0.0664,0.634,0.0365,0.04282,0.05114,0.10949,0.08725,0.389232,1.0
0.00419,3e-05,0.00224,0.00227,0.00672,0.07959,0.772,0.04421,0.04962,0.0569,0.13262,0.01658,0.207156,1.0
0.00459,3e-05,0.0025,0.00256,0.0075,0.0419,0.383,0.02383,0.02521,0.03051,0.0715,0.01914,0.08784,1.0
0.00382,3e-05,0.00191,0.00226,0.00574,0.05925,0.637,0.03341,0.03794,0.04398,0.10024,0.01211,0.17352,1.0
0.00358,2e-05,0.00196,0.00196,0.00587,0.03716,0.307,0.02062,0.02321,0.02764,0.06185,0.0085,0.188056,1.0
0.00369,2e-05,0.00201,0.00197,0.00602,0.03272,0.283,0.01813,0.01909,0.02571,0.05439,0.01018,0.180528,1.0
0.00342,2e-05,0.00178,0.00184,0.00535,0.03381,0.307,0.01806,0.02024,0.02809,0.05417,0.00852,0.194627,1.0
0.0128,0.0001,0.00743,0.00623,0.02228,0.03886,0.342,0.02135,0.02174,0.03088,0.06406,0.08151,0.265315,1.0
0.01378,0.00011,0.00826,0.00655,0.02478,0.04689,0.422,0.02542,0.0263,0.03908,0.07625,0.10323,0.202146,1.0
0.01936,0.00015,0.01159,0.0099,0.03476,0.06734,0.659,0.03611,0.03963,0.05783,0.10833,0.16744,0.242861,1.0
0.03316,0.00026,0.02144,0.01522,0.06433,0.09178,0.891,0.05358,0.04791,0.06196,0.16074,0.31482,0.260481,1.0
0.01551,0.00012,0.00905,0.00909,0.02716,0.0617,0.584,0.03223,0.03672,0.05174,0.09669,0.11843,0.310163,1.0
0.03011,0.00022,0.01854,0.01628,0.05563,0.09419,0.93,0.05551,0.05005,0.06023,0.16654,0.2593,0.270641,1.0
0.00248,2e-05,0.00105,0.00136,0.00315,0.01131,0.107,0.00522,0.00659,0.01009,0.01567,0.00495,0.089267,1.0
0.00183,1e-05,0.00076,0.001,0.00229,0.0103,0.094,0.00469,0.00582,0.00871,0.01406,0.00243,0.14478,1.0
0.00257,2e-05,0.00116,0.00134,0.00349,0.01346,0.126,0.0066,0.00818,0.01059,0.01979,0.00578,0.210279,1.0
0.00168,1e-05,0.00068,0.00092,0.00204,0.01064,0.097,0.00522,0.00632,0.00928,0.01567,0.00233,0.18455,1.0
0.00258,2e-05,0.00115,0.00122,0.00346,0.0145,0.137,0.00633,0.00788,0.01267,0.01898,0.00659,0.249172,1.0
0.00174,1e-05,0.00075,0.00096,0.00225,0.01024,0.093,0.00455,0.00576,0.00993,0.01364,0.00238,0.160686,1.0
0.00766,4e-05,0.0045,0.00389,0.01351,0.03044,0.275,0.01771,0.01815,0.02084,0.05312,0.00947,0.278679,1.0
0.00621,3e-05,0.00371,0.00337,0.01112,0.02286,0.207,0.01192,0.01439,0.01852,0.03576,0.00704,0.256454,1.0
0.00609,3e-05,0.00368,0.00339,0.01105,0.01761,0.155,0.00952,0.01058,0.01307,0.02855,0.0083,0.184378,1.0
0.00841,4e-05,0.00502,0.00485,0.01506,0.02378,0.21,0.01277,0.01483,0.01767,0.03831,0.01316,0.212054,1.0
0.00534,3e-05,0.00321,0.0028,0.00964,0.0168,0.149,0.00861,0.01017,0.01301,0.02583,0.0062,0.250283,1.0
0.00495,2e-05,0.00302,0.00246,0.00905,0.02105,0.209,0.01107,0.01284,0.01604,0.0332,0.01048,0.181701,1.0
0.00856,6e-05,0.00404,0.00385,0.01211,0.01843,0.235,0.00796,0.00832,0.01271,0.02389,0.06051,0.261549,1.0
0.00476,3e-05,0.00214,0.00207,0.00642,0.01458,0.148,0.00606,0.00747,0.01312,0.01818,0.01554,0.27328,1.0
0.00555,3e-05,0.00244,0.00261,0.00731,0.01725,0.175,0.00757,0.00971,0.01652,0.0227,0.01802,0.372114,1.0
0.00462,3e-05,0.00157,0.00194,0.00472,0.01279,0.129,0.00617,0.00744,0.01151,0.01851,0.00856,0.393056,1.0
0.00404,2e-05,0.00127,0.00128,0.00381,0.01299,0.124,0.00679,0.00631,0.01075,0.02038,0.00681,0.389295,1.0
0.00581,5e-05,0.00241,0.00314,0.00723,0.02008,0.221,0.00849,0.01117,0.01734,0.02548,0.0235,0.279933,1.0
0.0046,3e-05,0.00209,0.00221,0.00628,0.01169,0.117,0.00534,0.0063,0.01104,0.01603,0.01161,0.281618,1.0
0.00704,5e-05,0.00406,0.00398,0.01218,0.04479,0.441,0.02587,0.02567,0.0322,0.07761,0.01968,0.160267,1.0
0.00842,5e-05,0.00506,0.00449,0.01517,0.02503,0.231,0.01372,0.0158,0.01931,0.04115,0.01813,0.142466,1.0
0.00694,4e-05,0.00403,0.00395,0.01209,0.02343,0.224,0.01289,0.0142,0.0172,0.03867,0.0202,0.143359,1.0
0.00733,5e-05,0.00414,0.00422,0.01242,0.02362,0.233,0.01235,0.01495,0.01944,0.03706,0.01874,0.12795,1.0
0.00544,4e-05,0.00294,0.00327,0.00883,0.02791,0.246,0.01484,0.01805,0.02259,0.04451,0.01794,0.087165,1.0
0.00638,4e-05,0.00368,0.00351,0.01104,0.02857,0.257,0.01547,0.01859,0.02301,0.04641,0.01796,0.115697,1.0
0.0044,4e-05,0.00214,0.00192,0.00641,0.01033,0.098,0.00538,0.0057,0.00811,0.01614,0.01724,0.152941,1.0
0.0027,2e-05,0.00116,0.00135,0.00349,0.01022,0.09,0.00476,0.00588,0.00903,0.01428,0.00487,0.195976,1.0
0.00492,4e-05,0.00269,0.00238,0.00808,0.01412,0.125,0.00703,0.0082,0.01194,0.0211,0.0161,0.20363,1.0
0.00407,3e-05,0.00224,0.00205,0.00671,0.01516,0.138,0.00721,0.00815,0.0131,0.02164,0.01015,0.217013,1.0
0.00346,3e-05,0.00169,0.0017,0.00508,0.01201,0.106,0.00633,0.00701,0.00915,0.01898,0.00903,0.254909,1.0
0.00331,3e-05,0.00168,0.00171,0.00504,0.01043,0.099,0.0049,0.00621,0.00903,0.01471,0.00504,0.178713,1.0
0.00589,6e-05,0.00291,0.00319,0.00873,0.04932,0.441,0.02683,0.03112,0.03651,0.0805,0.03031,0.320385,1.0
0.00494,4e-05,0.00244,0.00315,0.00731,0.04128,0.379,0.02229,0.02592,0.03316,0.06688,0.02529,0.322044,1.0
0.00451,4e-05,0.00219,0.00283,0.00658,0.04879,0.431,0.02385,0.02973,0.0437,0.07154,0.02278,0.300067,1.0
0.00502,4e-05,0.00257,0.00312,0.00772,0.05279,0.476,0.02896,0.03347,0.04134,0.08689,0.0369,0.304107,1.0
0.00472,4e-05,0.00238,0.0029,0.00715,0.05643,0.517,0.0307,0.0353,0.04451,0.09211,0.02629,0.306014,1.0
0.00381,3e-05,0.00181,0.00232,0.00542,0.03026,0.267,0.01514,0.01812,0.0277,0.04543,0.01827,0.23307,1.0
0.00571,3e-05,0.00232,0.00269,0.00696,0.03273,0.281,0.01713,0.01964,0.02824,0.05139,0.02485,0.397749,1.0
0.00757,4e-05,0.00428,0.00428,0.01285,0.06725,0.571,0.04016,0.04003,0.04464,0.12047,0.04238,0.288917,1.0
0.00376,2e-05,0.00182,0.00215,0.00546,0.03527,0.297,0.02055,0.02076,0.0253,0.06165,0.01728,0.310746,1.0
0.0037,2e-05,0.00189,0.00211,0.00568,0.01997,0.18,0.01117,0.01177,0.01506,0.0335,0.0201,0.213353,1.0
0.00254,1e-05,0.001,0.00133,0.00301,0.02662,0.228,0.01475,0.01558,0.02006,0.04426,0.01049,0.220617,1.0
0.00352,2e-05,0.00169,0.00188,0.00506,0.02536,0.225,0.01379,0.01478,0.01909,0.04137,0.01493,0.345238,1.0
0.01568,9e-05,0.00863,0.00946,0.02589,0.08143,0.821,0.03804,0.05426,0.08808,0.11411,0.0753,0.414758,1.0
0.01466,8e-05,0.00849,0.00819,0.02546,0.0605,0.618,0.02865,0.04101,0.06359,0.08595,0.06057,0.355736,1.0
0.01719,9e-05,0.00996,0.01027,0.02987,0.07118,0.722,0.03474,0.0458,0.06824,0.10422,0.08069,0.335357,1.0
0.01627,8e-05,0.00919,0.00963,0.02756,0.0717,0.833,0.03515,0.04265,0.0646,0.10546,0.07889,0.262281,1.0
0.01872,0.0001,0.01075,0.01154,0.03225,0.0583,0.784,0.02699,0.03714,0.06259,0.08096,0.10952,0.340256,1.0
0.03107,0.00016,0.018,0.01958,0.05401,0.11908,1.302,0.05647,0.0794,0.13778,0.16942,0.21713,0.450493,1.0
0.02714,0.00014,0.01568,0.01699,0.04705,0.08684,1.018,0.04284,0.05556,0.08318,0.12851,0.16265,0.356224,1.0
0.00684,6e-05,0.00388,0.00332,0.01164,0.02534,0.241,0.0134,0.01399,0.02056,0.04019,0.04179,0.246404,1.0
0.00692,6e-05,0.00393,0.003,0.01179,0.02682,0.236,0.01484,0.01405,0.02018,0.04451,0.04611,0.175691,1.0
0.00647,5e-05,0.00356,0.003,0.01067,0.03087,0.276,0.01659,0.01804,0.02402,0.04977,0.02631,0.207914,1.0
0.00727,6e-05,0.00415,0.00339,0.01246,0.02293,0.223,0.01205,0.01289,0.01771,0.03615,0.03191,0.230532,1.0
0.01813,0.00015,0.01117,0.00718,0.03351,0.04912,0.438,0.0261,0.02161,0.02916,0.0783,0.10748,0.303214,1.0
0.00975,8e-05,0.00593,0.00454,0.01778,0.02852,0.266,0.015,0.01581,0.02157,0.04499,0.03828,0.280091,1.0
0.00605,5e-05,0.00321,0.00318,0.00962,0.03235,0.339,0.0136,0.0165,0.03105,0.04079,0.02663,0.234196,1.0
0.00581,5e-05,0.00299,0.00316,0.00896,0.04009,0.406,0.01579,0.01994,0.04114,0.04736,0.02073,0.259229,1.0
0.00619,5e-05,0.00352,0.00329,0.01057,0.03273,0.325,0.01644,0.01722,0.02931,0.04933,0.0281,0.226528,1.0
0.00651,6e-05,0.00366,0.0034,0.01097,0.03658,0.369,0.01864,0.0194,0.03091,0.05592,0.02707,0.24275,1.0
0.00519,5e-05,0.00291,0.00284,0.00873,0.01756,0.155,0.00967,0.01033,0.01363,0.02902,0.01435,0.184896,1.0
0.00907,9e-05,0.00493,0.00461,0.0148,0.02814,0.272,0.01579,0.01553,0.02073,0.04736,0.03882,0.396746,1.0
0.00277,1e-05,0.00154,0.00153,0.00462,0.02448,0.217,0.0141,0.01426,0.01621,0.04231,0.0062,0.17227,0.0
0.00303,1e-05,0.00173,0.00159,0.00519,0.01242,0.116,0.00696,0.00747,0.00882,0.02089,0.00533,0.176316,0.0
0.00339,1e-05,0.00205,0.00186,0.00616,0.0203,0.197,0.01186,0.0123,0.01367,0.03557,0.0091,0.160414,0.0
0.00803,4e-05,0.0049,0.00448,0.0147,0.02177,0.189,0.01279,0.01272,0.01439,0.03836,0.01337,0.164529,0.0
0.00517,2e-05,0.00316,0.00283,0.00949,0.02018,0.212,0.01176,0.01191,0.01344,0.03529,0.00965,0.073298,0.0
0.00451,2e-05,0.00279,0.00237,0.00837,0.01897,0.181,0.01084,0.01121,0.01255,0.03253,0.01049,0.171088,0.0
0.00355,3e-05,0.00166,0.0019,0.00499,0.01358,0.129,0.00664,0.00786,0.0114,0.01992,0.00435,0.218885,0.0
0.00356,3e-05,0.0017,0.002,0.0051,0.01484,0.133,0.00754,0.0095,0.01285,0.02261,0.0043,0.192375,0.0
0.00349,3e-05,0.00171,0.00203,0.00514,0.01472,0.133,0.00748,0.00905,0.01148,0.02245,0.00478,0.19215,0.0
0.00353,3e-05,0.00176,0.00218,0.00528,0.01657,0.145,0.00881,0.01062,0.01318,0.02643,0.0059,0.229298,0.0
0.00332,3e-05,0.0016,0.00199,0.0048,0.01503,0.137,0.00812,0.00933,0.01133,0.02436,0.00401,0.197938,0.0
0.00346,3e-05,0.00169,0.00213,0.00507,0.01725,0.155,0.00874,0.01021,0.01331,0.02623,0.00415,0.109256,0.0
0.00314,2e-05,0.00135,0.00162,0.00406,0.01469,0.132,0.00728,0.00886,0.0123,0.02184,0.0057,0.197919,1.0
0.00309,2e-05,0.00152,0.00186,0.00456,0.01574,0.142,0.00839,0.00956,0.01309,0.02518,0.00488,0.182459,1.0
0.00392,3e-05,0.00204,0.00231,0.00612,0.0145,0.131,0.00725,0.00876,0.01263,0.02175,0.0054,0.240875,1.0
0.00396,3e-05,0.00206,0.00233,0.00619,0.02551,0.237,0.01321,0.01574,0.02148,0.03964,0.00611,0.183218,1.0
0.00397,3e-05,0.00202,0.00235,0.00605,0.01831,0.163,0.0095,0.01103,0.01559,0.02849,0.00639,0.216204,1.0
0.00336,2e-05,0.00174,0.00198,0.00521,0.02145,0.198,0.01155,0.01341,0.01666,0.03464,0.00595,0.109397,1.0
0.00417,4e-05,0.00186,0.0027,0.00558,0.01909,0.171,0.00864,0.01223,0.01949,0.02592,0.00955,0.191576,0.0
0.00531,5e-05,0.0026,0.00346,0.0078,0.01795,0.163,0.0081,0.01144,0.01756,0.02429,0.01179,0.206768,0.0
0.00314,3e-05,0.00134,0.00192,0.00403,0.01564,0.136,0.00667,0.0099,0.01691,0.02001,0.00737,0.133917,0.0
0.00496,4e-05,0.00254,0.00263,0.00762,0.0166,0.154,0.0082,0.00972,0.01491,0.0246,0.01397,0.15331,0.0
0.00267,2e-05,0.00115,0.00148,0.00345,0.013,0.117,0.00631,0.00789,0.01144,0.01892,0.0068,0.116636,0.0
0.00327,3e-05,0.00146,0.00184,0.00439,0.01185,0.106,0.00557,0.00721,0.01095,0.01672,0.00703,0.149694,0.0
0.00694,3e-05,0.00412,0.00396,0.01235,0.02574,0.255,0.01454,0.01582,0.01758,0.04363,0.04441,0.15989,0.0
0.00459,3e-05,0.00263,0.00259,0.0079,0.04087,0.405,0.02336,0.02498,0.02745,0.07008,0.02764,0.121952,0.0
0.00564,3e-05,0.00331,0.00292,0.00994,0.02751,0.263,0.01604,0.01657,0.01879,0.04812,0.0181,0.129303,0.0
0.0136,8e-05,0.00624,0.00564,0.01873,0.02308,0.256,0.01268,0.01365,0.01667,0.03804,0.10715,0.158453,0.0
0.0074,4e-05,0.0037,0.0039,0.01109,0.02296,0.241,0.01265,0.01321,0.01588,0.03794,0.07223,0.207454,0.0
0.00567,3e-05,0.00295,0.00317,0.00885,0.01884,0.19,0.01026,0.01161,0.01373,0.03078,0.04398,0.190667,0.0
