dataset,method,seed,accuracy,f1,auc,bal_acc,search_fitness
Heart,CDPSO w/o OBL,3000,0.827027027027027,0.84,0.9122683556181093,0.8251231527093597,0.09269221802471729
Heart,CDPSO w/o OBL,3001,0.8486486486486486,0.8761061946902655,0.9067857142857143,0.8339285714285714,0.09592829019568541
Heart,CDPSO w/o OBL,3002,0.8540540540540541,0.8656716417910448,0.9269212635549269,0.8533121169259783,0.09648077352278026
Heart,CDPSO w/o OBL,3003,0.8216216216216217,0.8405797101449276,0.8914427157001414,0.8175978312116926,0.09162647715182057
Heart,CDPSO w/o OBL,3004,0.8594594594594595,0.8879310344827587,0.9280359820089955,0.8497626186906547,0.09962936159972882
Heart,CDPSO w/o OBL,3005,0.8324324324324325,0.8622222222222222,0.9197394296951819,0.8250368731563422,0.09322505555906806
Heart,CDPSO w/o OBL,3006,0.8486486486486486,0.8444444444444446,0.9143258426966292,0.8488412921348314,0.09629263752201467
Heart,CDPSO w/o OBL,3007,0.8486486486486486,0.8750000000000001,0.8927440954467981,0.8400900900900901,0.09493961987678318
Heart,CDPSO w/o OBL,3008,0.8594594594594595,0.8725490196078431,0.9415478138882394,0.8580196399345336,0.09490441953541846
Heart,CDPSO w/o OBL,3009,0.8648648648648649,0.8743718592964823,0.9222773446728089,0.8662296243798724,0.09443110758723239
Heart,CDPSO w/o OBL,3010,0.8378378378378378,0.8484848484848485,0.9124734231041814,0.8394755492558469,0.09400387442052839
Heart,CDPSO w/o OBL,3011,0.8324324324324325,0.8597285067873303,0.8962818003913894,0.8282167318982387,0.09595473509846213
Heart,CDPSO w/o OBL,3012,0.8864864864864865,0.9004739336492891,0.943286762964717,0.8818967558607624,0.09933909857973108
Heart,CDPSO w/o OBL,3013,0.8378378378378378,0.846938775510204,0.9136076689268179,0.8370937573065232,0.09511721490178217
Heart,CDPSO w/o OBL,3014,0.8378378378378378,0.8529411764705883,0.906389476156918,0.8347427766032417,0.09179978844834095
Heart,CDPSO w/o OBL,3015,0.8594594594594595,0.8617021276595744,0.9464577975216273,0.8599485620762216,0.10171488300285038
Heart,CDPSO w/o OBL,3016,0.8864864864864865,0.9004739336492891,0.9500359453630481,0.8862329259525521,0.10199693219428747
Heart,CDPSO w/o OBL,3017,0.7567567567567568,0.7906976744186047,0.831048581048581,0.7506613756613757,0.07720131573653942
Heart,CDPSO w/o OBL,3018,0.827027027027027,0.8490566037735849,0.9097815764482431,0.8215811965811965,0.09620290603025397
Heart,CDPSO w/o OBL,3019,0.8648648648648649,0.8803827751196172,0.918684710351377,0.8620607787274454,0.09684458250944915
Heart,CDPSO w/o OBL,3020,0.827027027027027,0.8431372549019608,0.8920880149812734,0.8243211610486891,0.09001978346684121
Heart,CDPSO w/o OBL,3021,0.8486486486486486,0.8627450980392156,0.9132241215574549,0.849002849002849,0.0912777134975848
Heart,CDPSO w/o OBL,3022,0.8486486486486486,0.8640776699029126,0.9282955094157412,0.8556253017865765,0.09711900273380535
Heart,CDPSO w/o OBL,3023,0.8864864864864865,0.8955223880597015,0.9309411764705883,0.8852941176470588,0.09845893972985725
Heart,CDPSO w/o OBL,3024,0.8540540540540541,0.8755760368663594,0.9262866762866763,0.8489057239057239,0.09658224026644913
Heart,CDPSO w/o OBL,3025,0.8648648648648649,0.869109947643979,0.9413906506929762,0.8668663377965704,0.09988386240585105
Heart,CDPSO w/o OBL,3026,0.9081081081081082,0.9201877934272301,0.9601972101972102,0.9082491582491583,0.10427930389114605
Heart,CDPSO w/o OBL,3027,0.8702702702702703,0.8823529411764707,0.9362329090051862,0.8681636020744932,0.09850556459389184
Heart,CDPSO w/o OBL,3028,0.8540540540540541,0.8732394366197184,0.912621359223301,0.8477977740942458,0.0935083183600708
Heart,CDPSO w/o OBL,3029,0.8324324324324325,0.8544600938967136,0.9178409362311918,0.8279794602340578,0.09387265801533347
LoL,CDPSO w/o OBL,3000,0.7298937784522003,0.7324649298597193,0.815306897335181,0.729862900700234,0.18149680494584144
LoL,CDPSO w/o OBL,3001,0.7364693980778958,0.7362025316455696,0.8084948723722187,0.7365151577180522,0.1810074026268973
LoL,CDPSO w/o OBL,3002,0.7076378351036925,0.7051020408163265,0.7849222448983769,0.7076205526476855,0.1787348778559063
LoL,CDPSO w/o OBL,3003,0.7243297926150734,0.7287207565953211,0.8018544891958074,0.7246134773209291,0.18080930102706524
LoL,CDPSO w/o OBL,3004,0.7243297926150734,0.7254408060453401,0.7904598159917309,0.7243253200700009,0.18040217492003588
LoL,CDPSO w/o OBL,3005,0.7157309054122407,0.7135575942915393,0.7934551618807402,0.7157879274269827,0.17950856649234734
LoL,CDPSO w/o OBL,3006,0.7243297926150734,0.720942140296979,0.8010930415826587,0.7242812842215149,0.18283152206951264
LoL,CDPSO w/o OBL,3007,0.742539200809307,0.7414931437277805,0.8132884957926417,0.7426785823966586,0.18057851722886778
LoL,CDPSO w/o OBL,3008,0.7121901871522509,0.6994189117802431,0.7945453390906781,0.7115588666661204,0.17923999441121405
LoL,CDPSO w/o OBL,3009,0.7314112291350531,0.7324937027707809,0.8088717949767922,0.7317121984877553,0.18039911123474087
LoL,CDPSO w/o OBL,3010,0.7379868487607486,0.7365208545269583,0.8180549292887886,0.739200143472023,0.18277418417944996
LoL,CDPSO w/o OBL,3011,0.7137076378351037,0.7217305801376597,0.7931266004941445,0.713496451534325,0.17914152242396542
LoL,CDPSO w/o OBL,3012,0.7025796661608498,0.6975308641975309,0.774488871768182,0.7027905613907114,0.17810822043059704
LoL,CDPSO w/o OBL,3013,0.7344461305007587,0.728401448525608,0.809678212748514,0.7346259479401517,0.18111628050597342
LoL,CDPSO w/o OBL,3014,0.7197774405665149,0.7218875502008031,0.7908024204695547,0.7199530035733666,0.1783585233957898
LoL,CDPSO w/o OBL,3015,0.7283763277693475,0.7256004087889627,0.8008187242229795,0.7283626538945688,0.17910310366535276
LoL,CDPSO w/o OBL,3016,0.7415275670207385,0.7375449409347714,0.8168042075007012,0.7414645181498625,0.18208587551245597
LoL,CDPSO w/o OBL,3017,0.7253414264036419,0.7291770573566084,0.8131374597906038,0.725626959247649,0.1825607730302143
LoL,CDPSO w/o OBL,3018,0.7293879615579161,0.7232281427832385,0.8022240189957628,0.7292505066219066,0.1800901285838799
LoL,CDPSO w/o OBL,3019,0.7243297926150734,0.7223637289862456,0.8038403360140497,0.7243128148340705,0.18061076325853107
LoL,CDPSO w/o OBL,3020,0.7344461305007587,0.7325522159959246,0.8045416858590512,0.7344864117918011,0.17999322537340998
LoL,CDPSO w/o OBL,3021,0.716236722306525,0.7173803526448365,0.7919079523953837,0.7164609424272457,0.17963304530627788
LoL,CDPSO w/o OBL,3022,0.7233181588265049,0.7306745445593305,0.8015477949754998,0.7233321598310156,0.18030366923276825
LoL,CDPSO w/o OBL,3023,0.7111785533636823,0.7076292882744495,0.7981230845451326,0.7111535004841738,0.18014944048456974
LoL,CDPSO w/o OBL,3024,0.7167425392008093,0.7077244258872651,0.7966610447718425,0.7167583294785147,0.17996379588169403
LoL,CDPSO w/o OBL,3025,0.7202832574607992,0.7208480565371025,0.7871996823356516,0.7202824183426599,0.17938811361448279
LoL,CDPSO w/o OBL,3026,0.7177541729893778,0.7223880597014926,0.7902426933886126,0.7187748367432218,0.17905158485425132
LoL,CDPSO w/o OBL,3027,0.7400101163378857,0.7377551020408164,0.812520599825989,0.7400307078151389,0.18087114848754873
LoL,CDPSO w/o OBL,3028,0.7126960040465351,0.7063081695966907,0.7839918857121803,0.7125527868812189,0.17832097697943877
LoL,CDPSO w/o OBL,3029,0.721800708143652,0.7129436325678496,0.806693645120748,0.7216081451187011,0.18095918467695202
Pima,CDPSO w/o OBL,3000,0.7677419354838709,0.6326530612244897,0.8446455505279035,0.726998491704374,0.1487929743863623
Pima,CDPSO w/o OBL,3001,0.7225806451612903,0.5825242718446602,0.8022598870056498,0.6813206214689265,0.14513941497549654
Pima,CDPSO w/o OBL,3002,0.7612903225806451,0.6185567010309277,0.8292995966263293,0.7134213421342135,0.15093457201771163
Pima,CDPSO w/o OBL,3003,0.7677419354838709,0.625,0.8246053138236427,0.7259337697343089,0.14766041849982478
Pima,CDPSO w/o OBL,3004,0.7935483870967742,0.6666666666666666,0.8293650793650794,0.7453102453102454,0.15003393518250124
Pima,CDPSO w/o OBL,3005,0.7548387096774194,0.6833333333333333,0.8374607603767004,0.7403208929194279,0.14785895159397844
Pima,CDPSO w/o OBL,3006,0.8193548387096774,0.7083333333333334,0.8610482654600302,0.780448717948718,0.15207234150653662
Pima,CDPSO w/o OBL,3007,0.7548387096774194,0.6122448979591837,0.8446601941747572,0.710791635548917,0.14947711589601592
Pima,CDPSO w/o OBL,3008,0.7290322580645161,0.5882352941176471,0.7863636363636364,0.6877272727272727,0.14448935320801884
Pima,CDPSO w/o OBL,3009,0.8064516129032258,0.6739130434782609,0.8575987235739928,0.7681491822895892,0.1542862235659101
Pima,CDPSO w/o OBL,3010,0.7806451612903226,0.66,0.8625134264232008,0.7384532760472611,0.14878201972804328
Pima,CDPSO w/o OBL,3011,0.7741935483870968,0.6601941747572816,0.8170426065162907,0.7370211242391693,0.14444040694019003
Pima,CDPSO w/o OBL,3012,0.7677419354838709,0.5714285714285715,0.8193459416863672,0.695133963750985,0.14991150195288672
Pima,CDPSO w/o OBL,3013,0.8064516129032258,0.6590909090909092,0.8444355803749501,0.7555843637814121,0.15036068585095838
Pima,CDPSO w/o OBL,3014,0.7935483870967742,0.6444444444444445,0.8519445514054679,0.7393145937620331,0.15161462220594776
Pima,CDPSO w/o OBL,3015,0.7612903225806451,0.6262626262626263,0.8194070080862533,0.726703889102811,0.14655133868455553
Pima,CDPSO w/o OBL,3016,0.7806451612903226,0.679245283018868,0.8469079939668175,0.7615950226244343,0.1501975337987144
Pima,CDPSO w/o OBL,3017,0.8193548387096774,0.7142857142857144,0.8871158392434988,0.7982663514578408,0.15515981861692305
Pima,CDPSO w/o OBL,3018,0.7870967741935484,0.6373626373626374,0.8236190476190476,0.7328571428571429,0.1492870663211619
Pima,CDPSO w/o OBL,3019,0.8,0.6736842105263158,0.8640648567119156,0.7560331825037707,0.1530186408551819
Pima,CDPSO w/o OBL,3020,0.7548387096774194,0.6545454545454545,0.8204763597582652,0.7278706007820832,0.1487052684962666
Pima,CDPSO w/o OBL,3021,0.7677419354838709,0.6470588235294118,0.828603435399552,0.7347834204630321,0.14934232639140682
Pima,CDPSO w/o OBL,3022,0.7806451612903226,0.6530612244897959,0.8394324122479462,0.739731142643764,0.153819450485519
Pima,CDPSO w/o OBL,3023,0.7677419354838709,0.6086956521739131,0.8102857142857143,0.7133333333333334,0.14784800591554087
Pima,CDPSO w/o OBL,3024,0.7741935483870968,0.6788990825688075,0.8243823845327605,0.748030791263874,0.1457868154504284
Pima,CDPSO w/o OBL,3025,0.7677419354838709,0.6,0.8308439133681852,0.7062173263629574,0.15034826531378861
Pima,CDPSO w/o OBL,3026,0.7290322580645161,0.5714285714285714,0.7843636363636364,0.6795454545454545,0.1413814344141502
Pima,CDPSO w/o OBL,3027,0.7612903225806451,0.6476190476190475,0.7878787878787878,0.7278138528138528,0.14636193033807351
Pima,CDPSO w/o OBL,3028,0.7806451612903226,0.7017543859649122,0.8378095570282525,0.7587199162888036,0.1497140179076119
Pima,CDPSO w/o OBL,3029,0.7806451612903226,0.6382978723404256,0.8417774086378738,0.7550872093023255,0.1511472100430791
WDBC,CDPSO w/o OBL,3000,0.9565217391304348,0.945054945054945,0.9934701492537313,0.9479166666666667,0.02036303987095761
WDBC,CDPSO w/o OBL,3001,0.9565217391304348,0.9333333333333332,0.9962406015037594,0.9475393028024607,0.02486148345869422
WDBC,CDPSO w/o OBL,3002,0.9652173913043478,0.9487179487179489,0.991,0.9558333333333333,0.03149107117922459
WDBC,CDPSO w/o OBL,3003,0.9391304347826087,0.9176470588235294,0.9833546734955185,0.9290973111395646,0.01709336724076562
WDBC,CDPSO w/o OBL,3004,0.9826086956521739,0.9743589743589743,1.0,0.975,0.025321570486126693
WDBC,CDPSO w/o OBL,3005,0.9652173913043478,0.9534883720930233,0.9807938540332907,0.9588668373879641,0.01884993562895212
WDBC,CDPSO w/o OBL,3006,0.9739130434782609,0.9714285714285714,0.9878567091681846,0.9722222222222222,0.01856610976784266
WDBC,CDPSO w/o OBL,3007,0.991304347826087,0.9870129870129869,0.9979757085020243,0.9871794871794872,0.02227986729660306
WDBC,CDPSO w/o OBL,3008,0.9565217391304348,0.942528735632184,0.9955185659411011,0.9518245838668373,0.020280969542484876
WDBC,CDPSO w/o OBL,3009,0.9652173913043478,0.9574468085106383,0.9950248756218906,0.9612873134328358,0.019124813347524455
WDBC,CDPSO w/o OBL,3010,0.9304347826086956,0.9024390243902439,0.9734314980793854,0.9134122919334187,0.022085091288904405
WDBC,CDPSO w/o OBL,3011,0.9565217391304348,0.9514563106796117,0.9935897435897436,0.9552808302808302,0.022135003444318433
WDBC,CDPSO w/o OBL,3012,0.9739130434782609,0.9577464788732395,0.9975744975744976,0.9594594594594594,0.020380360896120244
WDBC,CDPSO w/o OBL,3013,0.9739130434782609,0.9655172413793104,0.9984126984126984,0.9666666666666667,0.02410867497289014
WDBC,CDPSO w/o OBL,3014,0.9739130434782609,0.9647058823529412,0.999031007751938,0.9697997416020672,0.025432300546920885
WDBC,CDPSO w/o OBL,3015,0.9739130434782609,0.9690721649484536,0.9870769230769231,0.97,0.019205205507981486
WDBC,CDPSO w/o OBL,3016,0.9652173913043478,0.9523809523809523,0.9983994878361075,0.9545454545454546,0.02211743226488516
WDBC,CDPSO w/o OBL,3017,0.9652173913043478,0.9574468085106383,0.9888682745825603,0.9591836734693877,0.021072568605362538
WDBC,CDPSO w/o OBL,3018,0.9826086956521739,0.9767441860465116,0.9961240310077519,0.9814276485788114,0.0247582445513319
WDBC,CDPSO w/o OBL,3019,0.9826086956521739,0.9696969696969697,0.9989106753812637,0.9705882352941176,0.025838908620323908
WDBC,CDPSO w/o OBL,3020,0.9652173913043478,0.9565217391304348,0.9936988027725268,0.963768115942029,0.025151022783408344
WDBC,CDPSO w/o OBL,3021,0.9478260869565217,0.9285714285714286,0.9876060013046314,0.9437377690802349,0.022870054038530343
WDBC,CDPSO w/o OBL,3022,0.9565217391304348,0.9473684210526316,0.9969078540507111,0.9516079158936301,0.028156646362907354
WDBC,CDPSO w/o OBL,3023,0.9739130434782609,0.968421052631579,0.996558197747184,0.9746558197747184,0.030779983992915847
WDBC,CDPSO w/o OBL,3024,0.9826086956521739,0.9787234042553191,0.9993781094527363,0.9791666666666667,0.02549879573016347
WDBC,CDPSO w/o OBL,3025,0.9826086956521739,0.975,0.9990112063282794,0.975609756097561,0.03156735281868543
WDBC,CDPSO w/o OBL,3026,0.9652173913043478,0.9523809523809523,0.9944553163731246,0.9624918460534899,0.021046080840514174
WDBC,CDPSO w/o OBL,3027,0.9826086956521739,0.9782608695652174,0.9987397605545053,0.9818840579710145,0.023422783825387972
WDBC,CDPSO w/o OBL,3028,0.9565217391304348,0.9473684210526315,0.9953358208955224,0.9538246268656716,0.019174610578271183
WDBC,CDPSO w/o OBL,3029,0.9652173913043478,0.9555555555555557,0.9889729048519219,0.9601449275362319,0.02348353348900249
Ionosphere,CDPSO w/o OBL,3000,0.8873239436619719,0.92,0.9371428571428572,0.8647619047619048,0.08726288584087909
Ionosphere,CDPSO w/o OBL,3001,0.8591549295774648,0.9,0.9299145299145299,0.8076923076923077,0.09840923059292345
Ionosphere,CDPSO w/o OBL,3002,0.9014084507042254,0.9292929292929293,0.924860853432282,0.87847866419295,0.08241877865081051
Ionosphere,CDPSO w/o OBL,3003,0.9295774647887324,0.9565217391304348,0.9809523809523809,0.8577380952380952,0.08016836344792251
Ionosphere,CDPSO w/o OBL,3004,0.8591549295774648,0.9056603773584906,0.9067085953878407,0.8139412997903563,0.08645520505245809
Ionosphere,CDPSO w/o OBL,3005,0.8591549295774648,0.8936170212765957,0.9556521739130435,0.8365217391304347,0.06584968541817265
Ionosphere,CDPSO w/o OBL,3006,0.8873239436619719,0.9259259259259259,0.9276190476190476,0.8095238095238095,0.0892091730180489
Ionosphere,CDPSO w/o OBL,3007,0.8450704225352113,0.8842105263157894,0.888034188034188,0.8128205128205128,0.08909268670191534
Ionosphere,CDPSO w/o OBL,3008,0.8591549295774648,0.9056603773584906,0.8831521739130435,0.7826086956521738,0.09294346428849647
Ionosphere,CDPSO w/o OBL,3009,0.8873239436619719,0.9259259259259259,0.9633123689727463,0.8328092243186582,0.09319363846356125
Ionosphere,CDPSO w/o OBL,3010,0.8309859154929577,0.8775510204081632,0.8985507246376812,0.7957427536231885,0.0894538034189557
Ionosphere,CDPSO w/o OBL,3011,0.8309859154929577,0.8775510204081632,0.9191304347826087,0.7873913043478261,0.07902789877803651
Ionosphere,CDPSO w/o OBL,3012,0.8732394366197183,0.898876404494382,0.9589490968801314,0.8555008210180624,0.07427316121606735
Ionosphere,CDPSO w/o OBL,3013,0.8450704225352113,0.8674698795180723,0.9314516129032258,0.8370967741935484,0.09106295951658608
Ionosphere,CDPSO w/o OBL,3014,0.8309859154929577,0.8695652173913043,0.9455284552845529,0.8044715447154471,0.09709527922204599
Ionosphere,CDPSO w/o OBL,3015,0.8450704225352113,0.8842105263157894,0.9324786324786325,0.8128205128205128,0.08597699489381412
Ionosphere,CDPSO w/o OBL,3016,0.8732394366197183,0.898876404494382,0.9401993355481728,0.8579734219269103,0.08460898205417704
Ionosphere,CDPSO w/o OBL,3017,0.8873239436619719,0.9148936170212766,0.9617391304347827,0.8673913043478261,0.0816233503219493
Ionosphere,CDPSO w/o OBL,3018,0.9014084507042254,0.9176470588235294,0.9741935483870968,0.8907258064516128,0.08785491642734233
Ionosphere,CDPSO w/o OBL,3019,0.8309859154929577,0.875,0.9459219858156028,0.8009751773049645,0.09051247911958027
Ionosphere,CDPSO w/o OBL,3020,0.8732394366197183,0.912621359223301,0.9501811594202898,0.8156702898550725,0.07251695700979992
Ionosphere,CDPSO w/o OBL,3021,0.8028169014084507,0.8541666666666667,0.9121510673234812,0.7639573070607553,0.08989188961978825
Ionosphere,CDPSO w/o OBL,3022,0.8450704225352113,0.8952380952380952,0.8549019607843137,0.7857843137254902,0.0836382844606946
Ionosphere,CDPSO w/o OBL,3023,0.8591549295774648,0.9056603773584904,0.9295238095238095,0.7895238095238095,0.07707443996580007
Ionosphere,CDPSO w/o OBL,3024,0.8732394366197183,0.9072164948453607,0.9332096474953617,0.8580705009276438,0.08585703936574716
Ionosphere,CDPSO w/o OBL,3025,0.8873239436619719,0.9148936170212766,0.9789562289562289,0.859006734006734,0.0937872216162275
Ionosphere,CDPSO w/o OBL,3026,0.8732394366197183,0.898876404494382,0.9298387096774193,0.8548387096774194,0.08449388390441795
Ionosphere,CDPSO w/o OBL,3027,0.9154929577464789,0.9375,0.9104347826086957,0.8891304347826088,0.08884842980986443
Ionosphere,CDPSO w/o OBL,3028,0.9014084507042254,0.924731182795699,0.9641025641025641,0.8816239316239316,0.09532708614868877
Ionosphere,CDPSO w/o OBL,3029,0.9014084507042254,0.9292929292929293,0.9148936170212766,0.8643617021276595,0.0839547052102448
Sonar,CDPSO w/o OBL,3000,0.813953488372093,0.8181818181818182,0.8939393939393939,0.8138528138528138,0.1103409142282225
Sonar,CDPSO w/o OBL,3001,0.8372093023255814,0.8108108108108109,0.9100877192982456,0.8322368421052632,0.10432071339062886
Sonar,CDPSO w/o OBL,3002,0.7674418604651163,0.7727272727272727,0.8376623376623377,0.7683982683982684,0.09682799979287744
Sonar,CDPSO w/o OBL,3003,0.7906976744186046,0.7999999999999999,0.9111111111111111,0.8044444444444444,0.1079473126736818
Sonar,CDPSO w/o OBL,3004,0.8372093023255814,0.7741935483870968,0.8778280542986425,0.8144796380090498,0.10905530962004006
Sonar,CDPSO w/o OBL,3005,0.7906976744186046,0.7692307692307692,0.8837719298245614,0.7905701754385965,0.11102718401967285
Sonar,CDPSO w/o OBL,3006,0.7906976744186046,0.742857142857143,0.8574561403508771,0.7796052631578947,0.11629623986556346
Sonar,CDPSO w/o OBL,3007,0.7441860465116279,0.717948717948718,0.86,0.7488888888888889,0.11328243376815476
Sonar,CDPSO w/o OBL,3008,0.813953488372093,0.8260869565217391,0.8809523809523809,0.8160173160173161,0.09830758440997785
Sonar,CDPSO w/o OBL,3009,0.8372093023255814,0.8571428571428572,0.8267543859649122,0.8322368421052632,0.10141923991734396
Sonar,CDPSO w/o OBL,3010,0.6744186046511628,0.65,0.7391304347826086,0.6728260869565217,0.107170231689983
Sonar,CDPSO w/o OBL,3011,0.6744186046511628,0.6315789473684211,0.8073593073593074,0.672077922077922,0.10414595490360376
Sonar,CDPSO w/o OBL,3012,0.7209302325581395,0.7,0.8530701754385965,0.7225877192982456,0.10023390227729738
Sonar,CDPSO w/o OBL,3013,0.6744186046511628,0.5625,0.7435897435897436,0.6794871794871795,0.09320941438387549
Sonar,CDPSO w/o OBL,3014,0.8604651162790697,0.8571428571428571,0.9285714285714286,0.8603896103896104,0.09871977224253947
Sonar,CDPSO w/o OBL,3015,0.6976744186046512,0.6486486486486486,0.8528138528138528,0.6948051948051948,0.0965679681120435
Sonar,CDPSO w/o OBL,3016,0.7209302325581395,0.6666666666666666,0.7640692640692641,0.7175324675324675,0.10595033912562674
Sonar,CDPSO w/o OBL,3017,0.7441860465116279,0.7027027027027027,0.8618421052631579,0.7379385964912281,0.10525834482145541
Sonar,CDPSO w/o OBL,3018,0.7674418604651163,0.7727272727272727,0.8760869565217392,0.7728260869565218,0.11225276945298576
Sonar,CDPSO w/o OBL,3019,0.6744186046511628,0.6500000000000001,0.7467532467532467,0.6731601731601732,0.10495007357572925
Sonar,CDPSO w/o OBL,3020,0.7209302325581395,0.7,0.793859649122807,0.7225877192982456,0.13061398836652696
Sonar,CDPSO w/o OBL,3021,0.7906976744186046,0.7692307692307692,0.8434782608695652,0.7880434782608696,0.10437852022099524
Sonar,CDPSO w/o OBL,3022,0.813953488372093,0.7647058823529412,0.8665158371040724,0.8054298642533937,0.11378716878007673
Sonar,CDPSO w/o OBL,3023,0.7906976744186046,0.7999999999999999,0.9057017543859649,0.7960526315789473,0.09457867363784171
Sonar,CDPSO w/o OBL,3024,0.7906976744186046,0.7567567567567567,0.8939393939393939,0.7878787878787878,0.1013233474446688
Sonar,CDPSO w/o OBL,3025,0.6511627906976745,0.6666666666666666,0.7748917748917749,0.6525974025974026,0.09799260302390708
Sonar,CDPSO w/o OBL,3026,0.8372093023255814,0.8292682926829269,0.9022222222222223,0.8522222222222222,0.10042116821338545
Sonar,CDPSO w/o OBL,3027,0.7209302325581395,0.7142857142857143,0.8311688311688312,0.7218614718614718,0.09535265437803782
Sonar,CDPSO w/o OBL,3028,0.813953488372093,0.7894736842105262,0.8416289592760181,0.8257918552036199,0.12440909118730424
Sonar,CDPSO w/o OBL,3029,0.7674418604651163,0.761904761904762,0.9144736842105263,0.7752192982456141,0.11371325257052879
Banknote,CDPSO w/o OBL,3000,0.9745454545454545,0.9702127659574468,0.9993461915658712,0.9782608695652174,0.04895669521057649
Banknote,CDPSO w/o OBL,3001,0.9781818181818182,0.9752066115702479,0.9993522616862788,0.9808917197452229,0.04217087889612953
Banknote,CDPSO w/o OBL,3002,0.9890909090909091,0.9881422924901185,1.0,0.99,0.04944389239335258
Banknote,CDPSO w/o OBL,3003,0.9854545454545455,0.9848484848484849,0.9990450928381963,0.9862068965517241,0.05380085833633883
Banknote,CDPSO w/o OBL,3004,0.9672727272727273,0.960352422907489,0.998901340364755,0.9696495275763568,0.050301135095565656
Banknote,CDPSO w/o OBL,3005,0.9672727272727273,0.9629629629629629,0.998494623655914,0.9681451612903226,0.04702866283498136
Banknote,CDPSO w/o OBL,3006,0.9854545454545455,0.9842519685039369,0.9993608181527645,0.9859646319377864,0.06466137743259212
Banknote,CDPSO w/o OBL,3007,0.9636363636363636,0.9618320610687023,0.9978210034013606,0.9649766156462585,0.06100216835598619
Banknote,CDPSO w/o OBL,3008,0.9781818181818182,0.9741379310344828,0.9992917075296938,0.9800860847771603,0.0533195932003485
Banknote,CDPSO w/o OBL,3009,0.9745454545454545,0.970954356846473,0.9987558152115115,0.9778481012658228,0.06534948907959205
Banknote,CDPSO w/o OBL,3010,0.9745454545454545,0.9711934156378601,0.9985455720749838,0.976567550096962,0.05933888995108871
Banknote,CDPSO w/o OBL,3011,0.9745454545454545,0.974910394265233,0.9980429493282555,0.974611234528721,0.05170202961959777
Banknote,CDPSO w/o OBL,3012,0.9672727272727273,0.9623430962343097,0.9983230552850806,0.9693010927188142,0.05145962817680956
Banknote,CDPSO w/o OBL,3013,0.9709090909090909,0.9655172413793104,0.9980334316617503,0.9739702829673331,0.045822114629679465
Banknote,CDPSO w/o OBL,3014,0.9745454545454545,0.970954356846473,0.9983806542156969,0.9766544316096297,0.04400185864081406
Banknote,CDPSO w/o OBL,3015,0.9672727272727273,0.9626556016597512,0.9984276729559748,0.9716981132075472,0.04115361715172348
Banknote,CDPSO w/o OBL,3016,0.9745454545454545,0.9711934156378601,0.9986505451797474,0.9777070063694268,0.06629053186304196
Banknote,CDPSO w/o OBL,3017,0.9745454545454545,0.972972972972973,0.9981357196122297,0.9765100671140939,0.07420854493293771
Banknote,CDPSO w/o OBL,3018,0.9563636363636364,0.9504132231404958,0.9970722186076773,0.9610984602038604,0.06915108176778137
Banknote,CDPSO w/o OBL,3019,0.9818181818181818,0.9803921568627451,0.9994666666666666,0.9833333333333334,0.05077158583473317
Banknote,CDPSO w/o OBL,3020,0.9672727272727273,0.9620253164556962,0.998641304347826,0.9706521739130435,0.060996641073050334
Banknote,CDPSO w/o OBL,3021,0.9854545454545455,0.983050847457627,0.9995662546085448,0.9874213836477987,0.06104446549953221
Banknote,CDPSO w/o OBL,3022,0.9672727272727273,0.9672727272727273,0.9980946332168943,0.9678998623901768,0.06812157528399626
Banknote,CDPSO w/o OBL,3023,0.9709090909090909,0.9649122807017545,0.998461876510657,0.9741540320808613,0.05887780685988295
Banknote,CDPSO w/o OBL,3024,0.9781818181818182,0.9761904761904763,0.9971160008545182,0.9794114505447554,0.05265361307031291
Banknote,CDPSO w/o OBL,3025,0.9927272727272727,0.9921875,0.9998935943817834,0.9932432432432432,0.059196764768786304
Banknote,CDPSO w/o OBL,3026,0.9854545454545455,0.9839999999999999,0.9995721009841677,0.986842105263158,0.052030162557400256
Banknote,CDPSO w/o OBL,3027,0.9963636363636363,0.9961977186311787,0.9999469889737065,0.9965277777777778,0.052316438788151835
Banknote,CDPSO w/o OBL,3028,0.9527272727272728,0.9477911646586346,0.9956277663823815,0.9585987261146497,0.04929395423068312
Banknote,CDPSO w/o OBL,3029,0.9709090909090909,0.9669421487603306,0.9982187196372665,0.9734697182338335,0.0672607752513459
Spambase,CDPSO w/o OBL,3000,0.8979370249728555,0.8733153638814016,0.947995115995116,0.8926227106227106,0.10089098878448315
Spambase,CDPSO w/o OBL,3001,0.8914223669923995,0.8637602179836513,0.9493919641988521,0.8829093297013328,0.09284411915456976
Spambase,CDPSO w/o OBL,3002,0.8892508143322475,0.8602739726027397,0.9465869592732866,0.8801151797797662,0.09363109347422718
Spambase,CDPSO w/o OBL,3003,0.8805646036916395,0.844632768361582,0.9339956908054042,0.8709440694215203,0.09148601356594907
Spambase,CDPSO w/o OBL,3004,0.8675352877307275,0.8377659574468085,0.9320055477963998,0.8608080190875234,0.09245593327389509
Spambase,CDPSO w/o OBL,3005,0.8935939196525515,0.8675675675675675,0.945545181045478,0.8865824806005316,0.0885275973202043
Spambase,CDPSO w/o OBL,3006,0.8805646036916395,0.8525469168900804,0.9344178432576222,0.8745944049811454,0.0953725510840829
Spambase,CDPSO w/o OBL,3007,0.8827361563517915,0.8567639257294429,0.9378781143089086,0.8756934109051548,0.1092417894179072
Spambase,CDPSO w/o OBL,3008,0.8849077090119435,0.8519553072625697,0.9405050781785093,0.8741756521398798,0.09285753605173618
Spambase,CDPSO w/o OBL,3009,0.9153094462540716,0.8907563025210083,0.9626173761071122,0.9084466364525016,0.0856674075919034
Spambase,CDPSO w/o OBL,3010,0.8990228013029316,0.8597285067873303,0.9304631408635858,0.8859920113257155,0.08637340942159917
Spambase,CDPSO w/o OBL,3011,0.9087947882736156,0.8742514970059879,0.9626412085693281,0.9076980026300258,0.09718608440314895
Spambase,CDPSO w/o OBL,3012,0.8816503800217155,0.8431654676258993,0.9353356890459364,0.871156621709053,0.08686885600985685
Spambase,CDPSO w/o OBL,3013,0.8827361563517915,0.8430232558139534,0.9481832654870823,0.8747178670750877,0.09274989793944036
Spambase,CDPSO w/o OBL,3014,0.8914223669923995,0.86449864498645,0.9387641883665213,0.8869594674207613,0.09209180921918214
Spambase,CDPSO w/o OBL,3015,0.8870792616720955,0.8555555555555556,0.9317083275790636,0.8799889518022372,0.0924848203121991
Spambase,CDPSO w/o OBL,3016,0.9185667752442996,0.8930099857346648,0.9591375016124711,0.9105078539746172,0.09482116251464848
Spambase,CDPSO w/o OBL,3017,0.8946796959826275,0.8676671214188267,0.9465517071779184,0.8899212071729999,0.08662713405074252
Spambase,CDPSO w/o OBL,3018,0.9044516829533116,0.8787878787878787,0.9445944614171676,0.8992165171972011,0.09669365342586886
Spambase,CDPSO w/o OBL,3019,0.9142236699239956,0.8866571018651364,0.9597445038621509,0.904211229946524,0.08879593321775786
Spambase,CDPSO w/o OBL,3020,0.8990228013029316,0.8688293370944993,0.9489185572775204,0.8944420035149385,0.08867696549533288
Spambase,CDPSO w/o OBL,3021,0.8675352877307275,0.8242074927953891,0.9109593823564617,0.8566836571838965,0.1042652704656002
Spambase,CDPSO w/o OBL,3022,0.9087947882736156,0.88,0.9551244560314832,0.8996099287264941,0.08773380239766668
Spambase,CDPSO w/o OBL,3023,0.8881650380021715,0.8526466380543634,0.936664510028368,0.8790822674563281,0.09193053217195546
Spambase,CDPSO w/o OBL,3024,0.9033659066232356,0.8726752503576538,0.9504258268964151,0.8933080808080809,0.09320126959954438
Spambase,CDPSO w/o OBL,3025,0.9087947882736156,0.87683284457478,0.9471227479746887,0.9007975293216719,0.0860281234598494
Spambase,CDPSO w/o OBL,3026,0.8870792616720955,0.8583106267029972,0.9449396572057551,0.8818770147024138,0.0916083369074616
Spambase,CDPSO w/o OBL,3027,0.8957654723127035,0.868131868131868,0.9401535104961082,0.8895648242786383,0.08835116670891065
Spambase,CDPSO w/o OBL,3028,0.8968512486427795,0.871447902571042,0.9476336653990165,0.8911759817771217,0.09132802254360414
Spambase,CDPSO w/o OBL,3029,0.8914223669923995,0.8648648648648649,0.9386345891079446,0.8851649424165529,0.09423404761262376
Haberman,CDPSO w/o OBL,3000,0.6612903225806451,0.36363636363636365,0.6974448315911731,0.5696864111498258,0.15803176446554085
Haberman,CDPSO w/o OBL,3001,0.7741935483870968,0.3,0.7976190476190477,0.5758928571428571,0.17352343042285126
Haberman,CDPSO w/o OBL,3002,0.7096774193548387,0.25,0.7941919191919192,0.5492424242424242,0.17155671510816256
Haberman,CDPSO w/o OBL,3003,0.6935483870967742,0.24,0.5505050505050505,0.5378787878787878,0.15944611301053868
Haberman,CDPSO w/o OBL,3004,0.8225806451612904,0.4761904761904762,0.7782738095238095,0.6577380952380952,0.17563928175926596
Haberman,CDPSO w/o OBL,3005,0.6612903225806451,0.0,0.7638888888888888,0.4659090909090909,0.1589323755728068
Haberman,CDPSO w/o OBL,3006,0.7419354838709677,0.3846153846153846,0.7183006535947712,0.6026143790849673,0.16880055477427303
Haberman,CDPSO w/o OBL,3007,0.8225806451612904,0.4761904761904762,0.8508634222919937,0.6616954474097332,0.18011562231088718
Haberman,CDPSO w/o OBL,3008,0.7580645161290323,0.34782608695652173,0.7228260869565217,0.5923913043478262,0.1715961079785603
Haberman,CDPSO w/o OBL,3009,0.8225806451612904,0.15384615384615383,0.7461538461538462,0.5307692307692308,0.17873056702729148
Haberman,CDPSO w/o OBL,3010,0.7258064516129032,0.32,0.6982323232323232,0.577020202020202,0.16745616694230056
Haberman,CDPSO w/o OBL,3011,0.7096774193548387,0.35714285714285715,0.6560587515299877,0.5850673194614443,0.16184856492221936
Haberman,CDPSO w/o OBL,3012,0.7580645161290323,0.2857142857142857,0.5751633986928104,0.5771241830065359,0.1645970864462949
Haberman,CDPSO w/o OBL,3013,0.7419354838709677,0.3333333333333333,0.827020202020202,0.5883838383838385,0.1716202096662615
Haberman,CDPSO w/o OBL,3014,0.7580645161290323,0.4444444444444445,0.6583333333333333,0.6599999999999999,0.17271277607580401
Haberman,CDPSO w/o OBL,3015,0.7419354838709677,0.11111111111111112,0.7113095238095238,0.5044642857142857,0.17214131005901018
Haberman,CDPSO w/o OBL,3016,0.7258064516129032,0.32,0.7554347826086957,0.5706521739130435,0.16791498195037025
Haberman,CDPSO w/o OBL,3017,0.7096774193548387,0.25,0.6320261437908496,0.5437908496732026,0.1611701070030289
Haberman,CDPSO w/o OBL,3018,0.7903225806451613,0.38095238095238093,0.7730978260869565,0.6141304347826086,0.17531921718107663
Haberman,CDPSO w/o OBL,3019,0.7258064516129032,0.41379310344827586,0.6375,0.6142857142857143,0.16556159170679996
Haberman,CDPSO w/o OBL,3020,0.6935483870967742,0.3448275862068966,0.6767001114827201,0.5958751393534002,0.15886842652662583
Haberman,CDPSO w/o OBL,3021,0.8064516129032258,0.25,0.7366666666666667,0.5633333333333334,0.1741502201542383
Haberman,CDPSO w/o OBL,3022,0.8064516129032258,0.4,0.7730496453900709,0.6226950354609929,0.17531560098010154
Haberman,CDPSO w/o OBL,3023,0.7096774193548387,0.35714285714285715,0.5722154222766218,0.5850673194614443,0.15949245236724607
Haberman,CDPSO w/o OBL,3024,0.7580645161290323,0.21052631578947367,0.7737771739130435,0.5516304347826086,0.17280658453360942
Haberman,CDPSO w/o OBL,3025,0.8387096774193549,0.4444444444444444,0.902668759811617,0.6436420722135008,0.18360859733238372
Haberman,CDPSO w/o OBL,3026,0.8064516129032258,0.45454545454545453,0.7529761904761905,0.6473214285714286,0.17472742540347183
Haberman,CDPSO w/o OBL,3027,0.7258064516129032,0.26086956521739135,0.5574468085106383,0.5468085106382978,0.16051326823094803
Haberman,CDPSO w/o OBL,3028,0.7741935483870968,0.5333333333333333,0.7078804347826086,0.6847826086956521,0.1704185098603265
Haberman,CDPSO w/o OBL,3029,0.7096774193548387,0.30769230769230765,0.6748737373737373,0.5656565656565656,0.16389216818052305
Parkinson,CDPSO w/o OBL,3000,0.775,0.8363636363636363,0.7994505494505495,0.728021978021978,0.10712554019309926
Parkinson,CDPSO w/o OBL,3001,0.725,0.8135593220338982,0.8533333333333334,0.6466666666666666,0.1033529808203474
Parkinson,CDPSO w/o OBL,3002,0.85,0.9,0.9090909090909091,0.9090909090909092,0.11812199629679003
Parkinson,CDPSO w/o OBL,3003,0.85,0.9117647058823529,0.8831168831168831,0.683982683982684,0.1161452892375696
Parkinson,CDPSO w/o OBL,3004,0.8,0.8823529411764706,0.7532467532467533,0.5974025974025974,0.11388990807497636
Parkinson,CDPSO w/o OBL,3005,0.7,0.7999999999999999,0.7150997150997151,0.5982905982905983,0.10174083594195951
Parkinson,CDPSO w/o OBL,3006,0.825,0.8727272727272727,0.8839285714285714,0.8035714285714286,0.12240948789227389
Parkinson,CDPSO w/o OBL,3007,0.9,0.9393939393939393,0.921146953405018,0.7777777777777778,0.12183353025918031
Parkinson,CDPSO w/o OBL,3008,0.775,0.8615384615384615,0.8840125391849529,0.6191222570532915,0.1070150098541215
Parkinson,CDPSO w/o OBL,3009,0.825,0.8771929824561403,0.8840125391849529,0.7946708463949843,0.11857605970342902
Parkinson,CDPSO w/o OBL,3010,0.775,0.847457627118644,0.890625,0.765625,0.12144884943153249
Parkinson,CDPSO w/o OBL,3011,0.85,0.9117647058823528,0.8235294117647058,0.7058823529411764,0.1170230371585576
Parkinson,CDPSO w/o OBL,3012,0.875,0.9253731343283582,0.87109375,0.734375,0.12007882884392292
Parkinson,CDPSO w/o OBL,3013,0.7,0.8064516129032258,0.7241379310344828,0.567398119122257,0.09732955268520833
Parkinson,CDPSO w/o OBL,3014,0.725,0.819672131147541,0.8104395604395604,0.6236263736263736,0.10839206022524793
Parkinson,CDPSO w/o OBL,3015,0.775,0.8571428571428572,0.8660714285714286,0.6488095238095238,0.1122511441760209
Parkinson,CDPSO w/o OBL,3016,0.8,0.8709677419354839,0.8422939068100358,0.7132616487455197,0.11340204809189028
Parkinson,CDPSO w/o OBL,3017,0.825,0.8955223880597014,0.86328125,0.65625,0.11338507320732329
Parkinson,CDPSO w/o OBL,3018,0.925,0.9508196721311476,0.97,0.8833333333333333,0.12090509500779509
Parkinson,CDPSO w/o OBL,3019,0.725,0.8070175438596492,0.8338557993730408,0.6692789968652038,0.10936455414404772
Parkinson,CDPSO w/o OBL,3020,0.775,0.8615384615384616,0.7440476190476191,0.625,0.10240127277115539
Parkinson,CDPSO w/o OBL,3021,0.875,0.9206349206349206,0.9467084639498433,0.7727272727272727,0.11572771901041935
Parkinson,CDPSO w/o OBL,3022,0.85,0.9032258064516129,0.8637992831541219,0.7849462365591398,0.11624282363606514
Parkinson,CDPSO w/o OBL,3023,0.875,0.9090909090909091,0.8603988603988604,0.8475783475783476,0.11220316695569475
Parkinson,CDPSO w/o OBL,3024,0.925,0.9565217391304348,0.9215686274509803,0.8186274509803921,0.12178336448036198
Parkinson,CDPSO w/o OBL,3025,0.75,0.8275862068965517,0.7939560439560439,0.6758241758241759,0.10923225348363426
Parkinson,CDPSO w/o OBL,3026,0.875,0.9180327868852459,0.9033333333333333,0.8166666666666667,0.11517054950824966
Parkinson,CDPSO w/o OBL,3027,0.775,0.8524590163934426,0.83984375,0.71875,0.11282153137393282
Parkinson,CDPSO w/o OBL,3028,0.75,0.8387096774193549,0.7962382445141066,0.6300940438871474,0.09657033635493789
Parkinson,CDPSO w/o OBL,3029,0.85,0.8999999999999999,0.8303571428571429,0.7738095238095238,0.10247880393918658
Blood,CDPSO w/o OBL,3000,0.7615894039735099,0.35714285714285715,0.7431247036510195,0.5956614509246088,0.14687878921553352
Blood,CDPSO w/o OBL,3001,0.8013245033112583,0.3181818181818182,0.7601438109912686,0.5891114535182331,0.15208934704930546
Blood,CDPSO w/o OBL,3002,0.7417218543046358,0.2909090909090909,0.7192837465564739,0.5630853994490358,0.15000766996585468
Blood,CDPSO w/o OBL,3003,0.7748344370860927,0.3928571428571429,0.719179600886918,0.6159645232815965,0.14348536076056748
Blood,CDPSO w/o OBL,3004,0.8145695364238411,0.36363636363636365,0.7360041088854649,0.6085002568053415,0.1515180467432709
Blood,CDPSO w/o OBL,3005,0.8410596026490066,0.3333333333333333,0.7939895470383276,0.5990127758420442,0.15879301545149735
Blood,CDPSO w/o OBL,3006,0.8145695364238411,0.4166666666666667,0.7865942028985508,0.6301932367149758,0.15275661165719906
Blood,CDPSO w/o OBL,3007,0.7748344370860927,0.22727272727272727,0.7826797385620915,0.5521618903971846,0.1519060094140487
Blood,CDPSO w/o OBL,3008,0.7615894039735099,0.28,0.7593646277856804,0.5682788051209103,0.1477879985720466
Blood,CDPSO w/o OBL,3009,0.7615894039735099,0.37931034482758624,0.7454128440366973,0.6080166011358672,0.14560282775113897
Blood,CDPSO w/o OBL,3010,0.7483443708609272,0.2962962962962963,0.7728937728937729,0.5713141025641025,0.1468319499639906
Blood,CDPSO w/o OBL,3011,0.7682119205298014,0.3137254901960784,0.6857515410146989,0.5817923186344238,0.14454894231472934
Blood,CDPSO w/o OBL,3012,0.8211920529801324,0.2285714285714286,0.7983323911814585,0.5607687959299039,0.15584803058034494
Blood,CDPSO w/o OBL,3013,0.7880794701986755,0.23809523809523808,0.7478991596638656,0.5571165966386555,0.15055491521258685
Blood,CDPSO w/o OBL,3014,0.8013245033112583,0.42307692307692313,0.6819852941176471,0.6340598739495799,0.14821864487590047
Blood,CDPSO w/o OBL,3015,0.7880794701986755,0.2727272727272727,0.6775537634408603,0.5676075268817204,0.14903658289160912
Blood,CDPSO w/o OBL,3016,0.7417218543046358,0.36065573770491804,0.7396983857264231,0.5969626168224299,0.14426038356038934
Blood,CDPSO w/o OBL,3017,0.8145695364238411,0.5,0.7509661835748792,0.6683574879227053,0.14990236300266324
Blood,CDPSO w/o OBL,3018,0.7682119205298014,0.3396226415094339,0.7146796218487395,0.5902048319327731,0.14966159513207344
Blood,CDPSO w/o OBL,3019,0.7615894039735099,0.27999999999999997,0.7061015370284117,0.569981369352585,0.14550218346016455
Blood,CDPSO w/o OBL,3020,0.7682119205298014,0.3137254901960784,0.8363914373088684,0.5906509392747925,0.15017778059316797
Blood,CDPSO w/o OBL,3021,0.7549668874172185,0.2745098039215686,0.6463963963963963,0.5638928402086297,0.1426432094204984
Blood,CDPSO w/o OBL,3022,0.7947019867549668,0.36734693877551017,0.690677966101695,0.6067026194144838,0.14738398225118446
Blood,CDPSO w/o OBL,3023,0.7748344370860927,0.32,0.7705665024630541,0.5841133004926109,0.15067997894949092
Blood,CDPSO w/o OBL,3024,0.7417218543046358,0.3157894736842105,0.6965923984272608,0.5796199213630406,0.14157523262660254
Blood,CDPSO w/o OBL,3025,0.7748344370860927,0.3461538461538462,0.7254901960784313,0.5938914027149321,0.14767041141191609
Blood,CDPSO w/o OBL,3026,0.7549668874172185,0.3508771929824561,0.7842767295597485,0.6016771488469601,0.14587510793009734
Blood,CDPSO w/o OBL,3027,0.8079470198675497,0.3829787234042553,0.7031330251669234,0.6151771956856702,0.14935308632121225
Blood,CDPSO w/o OBL,3028,0.8344370860927153,0.4897959183673469,0.7928763440860215,0.6685483870967741,0.15604682543602652
Blood,CDPSO w/o OBL,3029,0.7350993377483444,0.25925925925925924,0.7496506753609687,0.5522822543083372,0.14629662178115696
Phoneme,CDPSO w/o OBL,3000,0.7587800369685767,0.5507745266781412,0.8383837136553722,0.6841639500806744,0.1521488637169546
Phoneme,CDPSO w/o OBL,3001,0.788354898336414,0.600349040139616,0.8416202462003989,0.7237466474107696,0.15349294680001332
Phoneme,CDPSO w/o OBL,3002,0.7523105360443623,0.5562913907284768,0.8224300185817899,0.6831425203300765,0.14784280216562765
Phoneme,CDPSO w/o OBL,3003,0.7781885397412199,0.6226415094339622,0.8452705553932548,0.729606907521018,0.15200595699719255
Phoneme,CDPSO w/o OBL,3004,0.7791127541589649,0.5956006768189509,0.8405588769282542,0.7148302637756183,0.15191703938316345
Phoneme,CDPSO w/o OBL,3005,0.7652495378927912,0.5694915254237289,0.8203088596111421,0.6963567761489454,0.15150176808532892
Phoneme,CDPSO w/o OBL,3006,0.7634011090573013,0.5923566878980893,0.8283856856431132,0.7082447293274197,0.1528377140595711
Phoneme,CDPSO w/o OBL,3007,0.7929759704251387,0.6056338028169015,0.8360290806150679,0.7265049647215253,0.15182331392594253
Phoneme,CDPSO w/o OBL,3008,0.7855822550831792,0.5958188153310106,0.843201046479735,0.717264805789396,0.15285752474609962
Phoneme,CDPSO w/o OBL,3009,0.7726432532347505,0.5858585858585859,0.8250373016706946,0.7104843963433856,0.14907292002540687
Phoneme,CDPSO w/o OBL,3010,0.7624768946395564,0.5914149443561209,0.8312099163095683,0.7102778588068054,0.15030052685658363
Phoneme,CDPSO w/o OBL,3011,0.7818853974121996,0.6143790849673203,0.8256270442645969,0.7251607779565337,0.14821825965705746
Phoneme,CDPSO w/o OBL,3012,0.7569316081330869,0.5751211631663974,0.7913441480851409,0.6966745650809081,0.14693692489009766
Phoneme,CDPSO w/o OBL,3013,0.7818853974121996,0.5972696245733788,0.8454757238154185,0.7224528918231208,0.15184718638910616
Phoneme,CDPSO w/o OBL,3014,0.7495378927911276,0.5593495934959349,0.8045153708170966,0.6889404342178511,0.14700352138398354
Phoneme,CDPSO w/o OBL,3015,0.7569316081330869,0.5723577235772359,0.8150429134295,0.6972251095946129,0.14816971496741313
Phoneme,CDPSO w/o OBL,3016,0.7680221811460258,0.5823627287853577,0.827077384207222,0.7020211839520425,0.15229269107981336
Phoneme,CDPSO w/o OBL,3017,0.756007393715342,0.5614617940199336,0.8094843358159903,0.6932557974017928,0.146824044312515
Phoneme,CDPSO w/o OBL,3018,0.7717190388170055,0.5876460767946577,0.8216296780081807,0.7110509635472271,0.14821668405955474
Phoneme,CDPSO w/o OBL,3019,0.7828096118299446,0.5884413309982487,0.8260754439424188,0.7116801513081854,0.14987961243584236
Phoneme,CDPSO w/o OBL,3020,0.7643253234750462,0.5771144278606964,0.8302876809633338,0.7058500202949534,0.14844715509302894
Phoneme,CDPSO w/o OBL,3021,0.7726432532347505,0.5993485342019544,0.8319649018046709,0.7174727972399151,0.1480324432090984
Phoneme,CDPSO w/o OBL,3022,0.7634011090573013,0.5884244372990353,0.8200408239005381,0.7089049710315252,0.14911794735439923
Phoneme,CDPSO w/o OBL,3023,0.7911275415896488,0.6401273885350318,0.8431106851307135,0.7455836665895494,0.15414944907108394
Phoneme,CDPSO w/o OBL,3024,0.7698706099815157,0.5829145728643216,0.8279918582785725,0.7034736923685638,0.14940937197350718
Phoneme,CDPSO w/o OBL,3025,0.7495378927911276,0.5398981324278438,0.812113917987891,0.676047257052329,0.14897412338519353
Phoneme,CDPSO w/o OBL,3026,0.7837338262476895,0.61,0.8483742603245293,0.7232840559988454,0.1512726506652919
Phoneme,CDPSO w/o OBL,3027,0.756007393715342,0.5925925925925926,0.8124118364003277,0.7055765349957042,0.14813432169458762
Phoneme,CDPSO w/o OBL,3028,0.767097966728281,0.5516014234875446,0.7968772400849766,0.6929981188716705,0.14912371058791796
Phoneme,CDPSO w/o OBL,3029,0.7754158964879853,0.5888324873096447,0.8258452504577093,0.7110008716286945,0.15464238297922914
