数据集,种子数,CDPSO-BP 精度,BP@30,BP@100,BP@300,break-even E*,等效倍数
Banknote,30,0.9745,0.8976,0.9768,0.9827,100,6.7
Blood,30,0.7790,0.7709,0.7795,0.7806,100,6.7
Haberman,30,0.7505,0.7349,0.7532,0.7478,75,5.9
Heart,30,0.8541,0.8344,0.8523,0.8512,>300,—
Ionosphere,30,0.8662,0.8202,0.8662,0.8822,100,6.7
LoL,30,0.7239,0.7141,0.7233,0.7256,150,8.4
Parkinson,30,0.8142,0.7775,0.8000,0.8033,>300,—
Phoneme,30,0.7696,0.7377,0.7673,0.7736,200,10.1
Pima,30,0.7692,0.7327,0.7740,0.7742,75,5.9
Sonar,30,0.7713,0.7186,0.7744,0.7977,100,6.7
Spambase,30,0.8969,0.8052,0.8954,0.9227,150,8.4
WDBC,30,0.9687,0.9412,0.9670,0.9707,150,8.4
