dataset,method,ACC±std(95%CI),F1±std,Friedman排名,Holm显著性(vs CDPSO-BP),data_source,status
Heart,CDPSO-BP,0.8541±0.0326(±0.0117),0.8704±0.0276,1,—,real_experiment,n.s.
Heart,IPSO-BP,0.8470±0.0288(±0.0103),0.8633±0.0249,14,0.15757666575283957,real_experiment,n.s.
Heart,PSO-BP,0.8488±0.0258(±0.0092),0.8651±0.0232,13,0.7667514232713908,real_experiment,n.s.
Heart,BP,0.8508±0.0271(±0.0097),0.8665±0.0245,5,1.0,real_experiment,n.s.
Heart,BP-30,0.8373±0.0264(±0.0095),0.8539±0.0241,15,0.02123772318967146,real_experiment,sig
Heart,CLPSO,0.8492±0.0237(±0.0085),0.8654±0.0199,11,1.0,real_experiment,n.s.
Heart,APSO,0.8495±0.0264(±0.0094),0.8660±0.0218,10,1.0,real_experiment,n.s.
Heart,AMPSO,0.8492±0.0285(±0.0102),0.8656±0.0253,12,1.0,real_experiment,n.s.
Heart,DMPSO,0.8503±0.0293(±0.0105),0.8665±0.0246,6,1.0,real_experiment,n.s.
Heart,GLPSO,0.8514±0.0279(±0.0100),0.8678±0.0232,4,1.0,real_experiment,n.s.
Heart,SHADE,0.8524±0.0298(±0.0107),0.8685±0.0254,2,0.8999597179332613,real_experiment,n.s.
Heart,jSO,0.8499±0.0247(±0.0089),0.8664±0.0202,9,0.7725078249905893,real_experiment,n.s.
Heart,CMA-ES,0.8519±0.0286(±0.0102),0.8678±0.0241,3,1.0,real_experiment,n.s.
Heart,Xavier+Adam,0.8499±0.0258(±0.0092),0.8659±0.0225,8,1.0,real_experiment,n.s.
Heart,Kaiming+Adam,0.8499±0.0265(±0.0095),0.8671±0.0237,7,1.0,real_experiment,n.s.
LoL,CDPSO-BP,0.7239±0.0119(±0.0043),0.7224±0.0125,9,—,real_experiment,n.s.
LoL,IPSO-BP,0.7225±0.0130(±0.0047),0.7212±0.0135,13,1.0,real_experiment,n.s.
LoL,PSO-BP,0.7237±0.0094(±0.0034),0.7218±0.0096,11,0.9274057283738492,real_experiment,n.s.
LoL,BP,0.7248±0.0111(±0.0040),0.7234±0.0117,4,1.0,real_experiment,n.s.
LoL,BP-30,0.7171±0.0116(±0.0042),0.7155±0.0140,15,0.005857175424013141,real_experiment,sig
LoL,CLPSO,0.7224±0.0107(±0.0038),0.7213±0.0119,14,1.0,real_experiment,n.s.
LoL,APSO,0.7248±0.0119(±0.0043),0.7227±0.0121,6,1.0,real_experiment,n.s.
LoL,AMPSO,0.7231±0.0112(±0.0040),0.7217±0.0124,12,1.0,real_experiment,n.s.
LoL,DMPSO,0.7237±0.0110(±0.0039),0.7220±0.0124,10,1.0,real_experiment,n.s.
LoL,GLPSO,0.7245±0.0097(±0.0035),0.7232±0.0102,7,1.0,real_experiment,n.s.
LoL,SHADE,0.7239±0.0119(±0.0042),0.7223±0.0120,8,1.0,real_experiment,n.s.
LoL,jSO,0.7261±0.0116(±0.0042),0.7250±0.0129,3,0.4745304813343844,real_experiment,n.s.
LoL,CMA-ES,0.7271±0.0114(±0.0041),0.7257±0.0128,1,0.006671658073181272,real_experiment,sig
LoL,Xavier+Adam,0.7267±0.0124(±0.0045),0.7249±0.0127,2,0.4085870369429242,real_experiment,n.s.
LoL,Kaiming+Adam,0.7248±0.0122(±0.0044),0.7227±0.0134,5,1.0,real_experiment,n.s.
Pima,CDPSO-BP,0.7692±0.0302(±0.0108),0.6368±0.0479,10,—,real_experiment,n.s.
Pima,IPSO-BP,0.7708±0.0252(±0.0090),0.6398±0.0414,8,1.0,real_experiment,n.s.
Pima,PSO-BP,0.7718±0.0279(±0.0100),0.6395±0.0461,6,1.0,real_experiment,n.s.
Pima,BP,0.7677±0.0306(±0.0109),0.6315±0.0524,11,0.9892411637689265,real_experiment,n.s.
Pima,BP-30,0.7348±0.0432(±0.0155),0.5401±0.0831,15,0.00042012825555743635,real_experiment,sig
Pima,CLPSO,0.7671±0.0266(±0.0095),0.6294±0.0467,12,1.0,real_experiment,n.s.
Pima,APSO,0.7729±0.0294(±0.0105),0.6405±0.0537,5,1.0,real_experiment,n.s.
Pima,AMPSO,0.7768±0.0249(±0.0089),0.6476±0.0457,1,1.0,real_experiment,n.s.
Pima,DMPSO,0.7731±0.0258(±0.0092),0.6404±0.0460,4,1.0,real_experiment,n.s.
Pima,GLPSO,0.7716±0.0271(±0.0097),0.6398±0.0442,7,1.0,real_experiment,n.s.
Pima,SHADE,0.7751±0.0233(±0.0084),0.6479±0.0398,2,0.7672413119917314,real_experiment,n.s.
Pima,jSO,0.7703±0.0251(±0.0090),0.6376±0.0392,9,1.0,real_experiment,n.s.
Pima,CMA-ES,0.7740±0.0260(±0.0093),0.6452±0.0423,3,1.0,real_experiment,n.s.
Pima,Xavier+Adam,0.7643±0.0247(±0.0088),0.6276±0.0423,13,1.0,real_experiment,n.s.
Pima,Kaiming+Adam,0.7615±0.0308(±0.0110),0.6257±0.0558,14,0.5360561079404574,real_experiment,n.s.
WDBC,CDPSO-BP,0.9687±0.0166(±0.0059),0.9590±0.0217,7,—,real_experiment,n.s.
WDBC,IPSO-BP,0.9675±0.0158(±0.0057),0.9576±0.0201,11,0.9621642461841128,real_experiment,n.s.
WDBC,PSO-BP,0.9667±0.0158(±0.0057),0.9559±0.0212,12,1.0,real_experiment,n.s.
WDBC,BP,0.9701±0.0122(±0.0044),0.9606±0.0161,5,1.0,real_experiment,n.s.
WDBC,BP-30,0.9432±0.0235(±0.0084),0.9241±0.0340,15,0.00030879148381459287,real_experiment,sig
WDBC,CLPSO,0.9620±0.0218(±0.0078),0.9496±0.0297,14,0.7951294969344092,real_experiment,n.s.
WDBC,APSO,0.9684±0.0156(±0.0056),0.9584±0.0203,8,1.0,real_experiment,n.s.
WDBC,AMPSO,0.9661±0.0165(±0.0059),0.9550±0.0223,13,1.0,real_experiment,n.s.
WDBC,DMPSO,0.9681±0.0122(±0.0043),0.9577±0.0162,9,1.0,real_experiment,n.s.
WDBC,GLPSO,0.9722±0.0130(±0.0047),0.9637±0.0164,3,0.5725401338765509,real_experiment,n.s.
WDBC,SHADE,0.9719±0.0140(±0.0050),0.9627±0.0189,4,0.4984567264501718,real_experiment,n.s.
WDBC,jSO,0.9687±0.0161(±0.0058),0.9581±0.0234,6,1.0,real_experiment,n.s.
WDBC,CMA-ES,0.9678±0.0179(±0.0064),0.9576±0.0229,10,1.0,real_experiment,n.s.
WDBC,Xavier+Adam,0.9725±0.0107(±0.0038),0.9640±0.0134,2,0.2580929649097209,real_experiment,n.s.
WDBC,Kaiming+Adam,0.9728±0.0140(±0.0050),0.9640±0.0190,1,0.5740024621371491,real_experiment,n.s.
Ionosphere,CDPSO-BP,0.8662±0.0394(±0.0141),0.9031±0.0296,6,—,real_experiment,n.s.
Ionosphere,IPSO-BP,0.8662±0.0379(±0.0135),0.9019±0.0309,5,1.0,real_experiment,n.s.
Ionosphere,PSO-BP,0.8596±0.0389(±0.0139),0.8981±0.0303,13,1.0,real_experiment,n.s.
Ionosphere,BP,0.8746±0.0323(±0.0116),0.9090±0.0250,2,1.0,real_experiment,n.s.
Ionosphere,BP-30,0.8221±0.0534(±0.0191),0.8720±0.0390,15,0.0015799289547799914,real_experiment,sig
Ionosphere,CLPSO,0.8549±0.0363(±0.0130),0.8936±0.0279,14,1.0,real_experiment,n.s.
Ionosphere,APSO,0.8643±0.0401(±0.0143),0.9012±0.0299,11,1.0,real_experiment,n.s.
Ionosphere,AMPSO,0.8648±0.0439(±0.0157),0.9012±0.0326,10,1.0,real_experiment,n.s.
Ionosphere,DMPSO,0.8662±0.0421(±0.0151),0.9033±0.0298,7,1.0,real_experiment,n.s.
Ionosphere,GLPSO,0.8615±0.0449(±0.0161),0.8997±0.0319,12,1.0,real_experiment,n.s.
Ionosphere,SHADE,0.8681±0.0392(±0.0140),0.9034±0.0312,4,1.0,real_experiment,n.s.
Ionosphere,jSO,0.8648±0.0416(±0.0149),0.9010±0.0323,8,1.0,real_experiment,n.s.
Ionosphere,CMA-ES,0.8822±0.0367(±0.0131),0.9148±0.0259,1,0.4735309431512588,real_experiment,n.s.
Ionosphere,Xavier+Adam,0.8714±0.0366(±0.0131),0.9069±0.0263,3,1.0,real_experiment,n.s.
Ionosphere,Kaiming+Adam,0.8648±0.0411(±0.0147),0.9028±0.0300,9,0.9783778931109495,real_experiment,n.s.
Sonar,CDPSO-BP,0.7713±0.0508(±0.0182),0.7547±0.0558,7,—,real_experiment,n.s.
Sonar,IPSO-BP,0.7899±0.0618(±0.0221),0.7715±0.0687,1,1.0,real_experiment,n.s.
Sonar,PSO-BP,0.7752±0.0697(±0.0250),0.7550±0.0847,6,1.0,real_experiment,n.s.
Sonar,BP,0.7713±0.0746(±0.0267),0.7474±0.0788,8,1.0,real_experiment,n.s.
Sonar,BP-30,0.7233±0.0541(±0.0193),0.7047±0.0603,15,0.002541073994801869,real_experiment,sig
Sonar,CLPSO,0.7597±0.0574(±0.0205),0.7369±0.0694,14,1.0,real_experiment,n.s.
Sonar,APSO,0.7674±0.0704(±0.0252),0.7484±0.0780,10,1.0,real_experiment,n.s.
Sonar,AMPSO,0.7636±0.0699(±0.0250),0.7407±0.0850,12,1.0,real_experiment,n.s.
Sonar,DMPSO,0.7674±0.0780(±0.0279),0.7507±0.0875,9,0.8582906535506599,real_experiment,n.s.
Sonar,GLPSO,0.7783±0.0725(±0.0259),0.7557±0.0884,3,1.0,real_experiment,n.s.
Sonar,SHADE,0.7643±0.0579(±0.0207),0.7453±0.0677,11,1.0,real_experiment,n.s.
Sonar,jSO,0.7636±0.0691(±0.0247),0.7397±0.0756,13,1.0,real_experiment,n.s.
Sonar,CMA-ES,0.7760±0.0662(±0.0237),0.7565±0.0745,5,1.0,real_experiment,n.s.
Sonar,Xavier+Adam,0.7775±0.0517(±0.0185),0.7567±0.0641,4,1.0,real_experiment,n.s.
Sonar,Kaiming+Adam,0.7783±0.0648(±0.0232),0.7580±0.0683,2,1.0,real_experiment,n.s.
Banknote,CDPSO-BP,0.9745±0.0091(±0.0033),0.9715±0.0105,4,—,real_experiment,n.s.
Banknote,IPSO-BP,0.9733±0.0103(±0.0037),0.9701±0.0119,6,0.25149250108347143,real_experiment,n.s.
Banknote,PSO-BP,0.9715±0.0124(±0.0044),0.9681±0.0138,11,0.3458525541465049,real_experiment,n.s.
Banknote,BP,0.9827±0.0088(±0.0032),0.9804±0.0100,3,2.5202251698921647e-05,real_experiment,sig
Banknote,BP-30,0.8876±0.0384(±0.0138),0.8702±0.0463,15,2.065612307268767e-05,real_experiment,sig
Banknote,CLPSO,0.9436±0.0239(±0.0086),0.9362±0.0278,14,2.5390137854459672e-05,real_experiment,sig
Banknote,APSO,0.9682±0.0163(±0.0058),0.9641±0.0193,12,0.005653536614947257,real_experiment,sig
Banknote,AMPSO,0.9681±0.0149(±0.0053),0.9640±0.0171,13,0.006345444416287467,real_experiment,sig
Banknote,DMPSO,0.9722±0.0116(±0.0042),0.9689±0.0131,7,0.18418871810997237,real_experiment,n.s.
Banknote,GLPSO,0.9716±0.0113(±0.0040),0.9683±0.0125,10,0.32559601516368913,real_experiment,n.s.
Banknote,SHADE,0.9744±0.0098(±0.0035),0.9713±0.0112,5,0.8871590022492782,real_experiment,n.s.
Banknote,jSO,0.9721±0.0098(±0.0035),0.9688±0.0111,8,0.0142747541103672,real_experiment,sig
Banknote,CMA-ES,0.9720±0.0100(±0.0036),0.9686±0.0115,9,0.08093709185134898,real_experiment,n.s.
Banknote,Xavier+Adam,0.9870±0.0088(±0.0032),0.9853±0.0102,2,2.3751736655887657e-05,real_experiment,sig
Banknote,Kaiming+Adam,0.9888±0.0063(±0.0023),0.9874±0.0069,1,2.234928688040172e-05,real_experiment,sig
Spambase,CDPSO-BP,0.8969±0.0147(±0.0053),0.8681±0.0200,5,—,real_experiment,n.s.
Spambase,IPSO-BP,0.8901±0.0164(±0.0059),0.8597±0.0199,10,0.06423598900651895,real_experiment,n.s.
Spambase,PSO-BP,0.8928±0.0131(±0.0047),0.8634±0.0168,7,0.12558573926771205,real_experiment,n.s.
Spambase,BP,0.9231±0.0083(±0.0030),0.9020±0.0106,3,2.1064293019009257e-05,real_experiment,sig
Spambase,BP-30,0.8010±0.0362(±0.0130),0.7217±0.0632,15,2.247632966825448e-05,real_experiment,sig
Spambase,CLPSO,0.8698±0.0170(±0.0061),0.8301±0.0213,14,0.000127879946172904,real_experiment,sig
Spambase,APSO,0.8839±0.0095(±0.0034),0.8501±0.0129,13,0.0006832299609839984,real_experiment,sig
Spambase,AMPSO,0.8848±0.0164(±0.0059),0.8522±0.0203,12,0.001519194266350275,real_experiment,sig
Spambase,DMPSO,0.8921±0.0120(±0.0043),0.8618±0.0172,9,0.1189025585754066,real_experiment,n.s.
Spambase,GLPSO,0.8951±0.0108(±0.0039),0.8660±0.0146,6,0.23177078880242985,real_experiment,n.s.
Spambase,SHADE,0.8925±0.0133(±0.0048),0.8623±0.0178,8,0.15597075034357574,real_experiment,n.s.
Spambase,jSO,0.8870±0.0146(±0.0052),0.8547±0.0189,11,0.020985596712895523,real_experiment,sig
Spambase,CMA-ES,0.9081±0.0117(±0.0042),0.8826±0.0151,4,8.0207847014757e-05,real_experiment,sig
Spambase,Xavier+Adam,0.9258±0.0073(±0.0026),0.9057±0.0099,1,2.0747381232234905e-05,real_experiment,sig
Spambase,Kaiming+Adam,0.9255±0.0082(±0.0029),0.9053±0.0109,2,2.4190044408213743e-05,real_experiment,sig
Haberman,CDPSO-BP,0.7505±0.0506(±0.0181),0.3290±0.1146,8,—,real_experiment,n.s.
Haberman,IPSO-BP,0.7516±0.0482(±0.0173),0.3282±0.1236,3,1.0,real_experiment,n.s.
Haberman,PSO-BP,0.7500±0.0517(±0.0185),0.3238±0.1243,11,1.0,real_experiment,n.s.
Haberman,BP,0.7441±0.0513(±0.0184),0.2427±0.1260,13,0.8181238110754108,real_experiment,n.s.
Haberman,BP-30,0.7452±0.0504(±0.0180),0.1608±0.1400,12,1.0,real_experiment,n.s.
Haberman,CLPSO,0.7516±0.0561(±0.0201),0.3057±0.1217,4,1.0,real_experiment,n.s.
Haberman,APSO,0.7511±0.0518(±0.0185),0.3313±0.1154,7,1.0,real_experiment,n.s.
Haberman,AMPSO,0.7511±0.0534(±0.0191),0.3361±0.1264,6,0.9790489330937109,real_experiment,n.s.
Haberman,DMPSO,0.7500±0.0518(±0.0185),0.3280±0.1153,9,1.0,real_experiment,n.s.
Haberman,GLPSO,0.7522±0.0528(±0.0189),0.3357±0.1301,2,1.0,real_experiment,n.s.
Haberman,SHADE,0.7500±0.0469(±0.0168),0.3251±0.1088,10,1.0,real_experiment,n.s.
Haberman,jSO,0.7516±0.0518(±0.0185),0.3300±0.1254,5,1.0,real_experiment,n.s.
Haberman,CMA-ES,0.7527±0.0504(±0.0180),0.3356±0.1215,1,1.0,real_experiment,n.s.
Haberman,Xavier+Adam,0.7274±0.0891(±0.0319),0.3461±0.1371,15,1.0,real_experiment,n.s.
Haberman,Kaiming+Adam,0.7403±0.0519(±0.0186),0.3488±0.1371,14,0.4882598371305457,real_experiment,n.s.
Parkinson,CDPSO-BP,0.8142±0.0649(±0.0232),0.8778±0.0453,1,—,real_experiment,n.s.
Parkinson,IPSO-BP,0.8067±0.0653(±0.0234),0.8743±0.0438,5,0.9073667214556185,real_experiment,n.s.
Parkinson,PSO-BP,0.8058±0.0672(±0.0240),0.8724±0.0470,7,0.5042377580274289,real_experiment,n.s.
Parkinson,BP,0.7917±0.0658(±0.0235),0.8650±0.0452,14,0.1345955831664342,real_experiment,n.s.
Parkinson,BP-30,0.7833±0.0720(±0.0258),0.8650±0.0472,15,0.029706371710347776,real_experiment,sig
Parkinson,CLPSO,0.7958±0.0731(±0.0262),0.8679±0.0498,13,0.11238903300214821,real_experiment,n.s.
Parkinson,APSO,0.8075±0.0660(±0.0236),0.8739±0.0464,4,0.9412455075339874,real_experiment,n.s.
Parkinson,AMPSO,0.8075±0.0667(±0.0239),0.8741±0.0459,3,0.7443030833136697,real_experiment,n.s.
Parkinson,DMPSO,0.8067±0.0676(±0.0242),0.8729±0.0475,6,0.8260650240928258,real_experiment,n.s.
Parkinson,GLPSO,0.7975±0.0772(±0.0276),0.8676±0.0539,11,0.10082750055658474,real_experiment,n.s.
Parkinson,SHADE,0.8042±0.0667(±0.0239),0.8728±0.0444,8,0.8113355848001502,real_experiment,n.s.
Parkinson,jSO,0.8000±0.0716(±0.0256),0.8692±0.0497,10,0.14911176670937476,real_experiment,n.s.
Parkinson,CMA-ES,0.8008±0.0687(±0.0246),0.8705±0.0468,9,0.10887862743079955,real_experiment,n.s.
Parkinson,Xavier+Adam,0.8100±0.0618(±0.0221),0.8730±0.0455,2,0.596911338512726,real_experiment,n.s.
Parkinson,Kaiming+Adam,0.7967±0.0706(±0.0253),0.8650±0.0512,12,0.5432952016729669,real_experiment,n.s.
Blood,CDPSO-BP,0.7790±0.0259(±0.0093),0.3297±0.0637,8,—,real_experiment,n.s.
Blood,IPSO-BP,0.7781±0.0272(±0.0097),0.3367±0.0584,10,1.0,real_experiment,n.s.
Blood,PSO-BP,0.7777±0.0277(±0.0099),0.3313±0.0598,12,1.0,real_experiment,n.s.
Blood,BP,0.7775±0.0325(±0.0116),0.2720±0.1065,13,1.0,real_experiment,n.s.
Blood,BP-30,0.7706±0.0290(±0.0104),0.0818±0.0733,15,0.37643489801742336,real_experiment,n.s.
Blood,CLPSO,0.7728±0.0304(±0.0109),0.1924±0.0762,14,0.827536032124456,real_experiment,n.s.
Blood,APSO,0.7817±0.0282(±0.0101),0.3220±0.0868,5,1.0,real_experiment,n.s.
Blood,AMPSO,0.7832±0.0298(±0.0107),0.3336±0.0777,1,0.35582576995025433,real_experiment,n.s.
Blood,DMPSO,0.7790±0.0289(±0.0103),0.3386±0.0678,9,0.9699143466954194,real_experiment,n.s.
Blood,GLPSO,0.7797±0.0281(±0.0101),0.3399±0.0721,6,1.0,real_experiment,n.s.
Blood,SHADE,0.7821±0.0298(±0.0107),0.3215±0.0723,4,1.0,real_experiment,n.s.
Blood,jSO,0.7830±0.0268(±0.0096),0.3295±0.0691,2,0.19777356252049533,real_experiment,n.s.
Blood,CMA-ES,0.7826±0.0311(±0.0111),0.3109±0.0793,3,1.0,real_experiment,n.s.
Blood,Xavier+Adam,0.7779±0.0306(±0.0110),0.3678±0.0753,11,1.0,real_experiment,n.s.
Blood,Kaiming+Adam,0.7790±0.0313(±0.0112),0.3976±0.0856,7,1.0,real_experiment,n.s.
Phoneme,CDPSO-BP,0.7696±0.0127(±0.0046),0.5880±0.0252,4,—,real_experiment,n.s.
Phoneme,IPSO-BP,0.7681±0.0134(±0.0048),0.5820±0.0255,5,0.2892425843397909,real_experiment,n.s.
Phoneme,PSO-BP,0.7660±0.0143(±0.0051),0.5765±0.0263,10,0.10608986530739367,real_experiment,n.s.
Phoneme,BP,0.7741±0.0133(±0.0047),0.5975±0.0302,3,0.004914321265247402,real_experiment,sig
Phoneme,BP-30,0.7388±0.0178(±0.0064),0.4031±0.1126,15,3.290747781998772e-05,real_experiment,sig
Phoneme,CLPSO,0.7608±0.0136(±0.0049),0.5583±0.0291,14,3.759003577859866e-05,real_experiment,sig
Phoneme,APSO,0.7678±0.0124(±0.0045),0.5790±0.0239,6,0.33791086254864355,real_experiment,n.s.
Phoneme,AMPSO,0.7670±0.0146(±0.0052),0.5803±0.0270,8,0.25656647109493846,real_experiment,n.s.
Phoneme,DMPSO,0.7658±0.0143(±0.0051),0.5759±0.0269,11,0.11087159218028077,real_experiment,n.s.
Phoneme,GLPSO,0.7677±0.0151(±0.0054),0.5803±0.0283,7,0.5687279097315847,real_experiment,n.s.
Phoneme,SHADE,0.7664±0.0125(±0.0045),0.5756±0.0249,9,0.042107443159083616,real_experiment,sig
Phoneme,jSO,0.7657±0.0125(±0.0045),0.5760±0.0264,12,0.10740630592417937,real_experiment,n.s.
Phoneme,CMA-ES,0.7655±0.0130(±0.0046),0.5733±0.0236,13,0.028515682912809356,real_experiment,sig
Phoneme,Xavier+Adam,0.7780±0.0157(±0.0056),0.6093±0.0366,2,0.0006068782097260116,real_experiment,sig
Phoneme,Kaiming+Adam,0.7834±0.0144(±0.0052),0.6204±0.0275,1,3.361736379562004e-05,real_experiment,sig
