参数,取值,ACC±std,排名,备注(稳健区间),status
default,"p_m=0.2,sigma0=0.2,stag=3,N=20,T=40",0.8449±0.0191,0,基准（论文默认参数）,OK
p_m,0.0,0.8514±0.0232,,较基准 +0.0065,OK
p_m,0.1,0.8486±0.0182,,较基准 +0.0038,OK
p_m,0.4,0.8459±0.0209,,较基准 +0.0011,OK
sigma0,0.1,0.8465±0.0164,,较基准 +0.0016,OK
sigma0,0.4,0.8443±0.0190,,较基准 -0.0005,OK
stagnation,1,0.8465±0.0173,,较基准 +0.0016,OK
stagnation,6,0.8449±0.0191,,较基准 +0.0000,OK
N,10,0.8449±0.0252,,较基准 +0.0000,OK
N,40,0.8427±0.0191,,较基准 -0.0022,OK
T,20,0.8470±0.0194,,较基准 +0.0022,OK
T,80,0.8497±0.0222,,较基准 +0.0049,OK
