dataset,method,ACC±std,F1±std,相对CDPSO(完整)的Friedman排名,结论,data_source,status
LoL,IPSO,0.7225±0.0130,0.7212±0.0135,6,待对比,real_experiment,n.s.
LoL,IPSO+OBL,0.7251±0.0135,0.7240±0.0138,3,待对比,real_experiment,n.s.
LoL,CDPSO-无重启,0.7252±0.0120,0.7236±0.0126,2,待对比,real_experiment,n.s.
LoL,CDPSO-无扰动,0.7264±0.0129,0.7254±0.0142,1,待对比,real_experiment,n.s.
LoL,CDPSO-无多样性,0.7246±0.0112,0.7234±0.0130,4,待对比,real_experiment,n.s.
LoL,CDPSO(完整),0.7239±0.0119,0.7224±0.0125,5,完整,real_experiment,OK
Heart,IPSO,0.8470±0.0288,0.8633±0.0249,5,待对比,real_experiment,n.s.
Heart,IPSO+OBL,0.8483±0.0290,0.8653±0.0251,3,待对比,real_experiment,n.s.
Heart,CDPSO-无重启,0.8523±0.0327,0.8682±0.0276,2,待对比,real_experiment,n.s.
Heart,CDPSO-无扰动,0.8463±0.0292,0.8631±0.0253,6,待对比,real_experiment,n.s.
Heart,CDPSO-无多样性,0.8477±0.0289,0.8648±0.0240,4,待对比,real_experiment,n.s.
Heart,CDPSO(完整),0.8541±0.0326,0.8704±0.0276,1,完整,real_experiment,OK
