dataset,metric,method,mean,std,ci95(±),friedman_p,holm_p,cliffs_delta,显著性(↑/↓/≈),data_source,status
LoL,ACC,CDPSO-BP,0.7239,0.0119,0.0043,7.864e-05,—,+0.000,≈,real_experiment,n.s.
LoL,ACC,IPSO-BP,0.7225,0.0130,0.0047,7.864e-05,0.4672,+0.051,≈,real_experiment,n.s.
LoL,ACC,PSO-BP,0.7237,0.0094,0.0034,7.864e-05,0.9274,-0.030,≈,real_experiment,n.s.
LoL,ACC,BP,0.7248,0.0111,0.0040,7.864e-05,0.7974,-0.054,≈,real_experiment,n.s.
LoL,ACC,BP-30,0.7171,0.0116,0.0042,7.864e-05,0.001673,+0.303,↑,real_experiment,OK
LoL,F1,CDPSO-BP,0.7224,0.0125,0.0045,0.0006362,—,+0.000,≈,real_experiment,n.s.
LoL,F1,IPSO-BP,0.7212,0.0135,0.0048,0.0006362,0.8403,+0.072,≈,real_experiment,n.s.
LoL,F1,PSO-BP,0.7218,0.0096,0.0034,0.0006362,0.7151,+0.022,≈,real_experiment,n.s.
LoL,F1,BP,0.7234,0.0117,0.0042,0.0006362,0.809,-0.024,≈,real_experiment,n.s.
LoL,F1,BP-30,0.7155,0.0140,0.0050,0.0006362,0.004526,+0.320,↑,real_experiment,OK
Heart,ACC,CDPSO-BP,0.8541,0.0326,0.0117,0.01453,—,+0.000,≈,real_experiment,n.s.
Heart,ACC,IPSO-BP,0.8470,0.0288,0.0103,0.01453,0.03636,+0.133,≈,real_experiment,OK
Heart,ACC,PSO-BP,0.8488,0.0258,0.0092,0.01453,0.1394,+0.081,≈,real_experiment,n.s.
Heart,ACC,BP,0.8508,0.0271,0.0097,0.01453,0.3623,+0.053,≈,real_experiment,n.s.
Heart,ACC,BP-30,0.8373,0.0264,0.0095,0.01453,0.006068,+0.351,↑,real_experiment,OK
Heart,F1,CDPSO-BP,0.8704,0.0276,0.0099,0.02854,—,+0.000,≈,real_experiment,n.s.
Heart,F1,IPSO-BP,0.8633,0.0249,0.0089,0.02854,0.03918,+0.179,↑,real_experiment,OK
Heart,F1,PSO-BP,0.8651,0.0232,0.0083,0.02854,0.08098,+0.132,≈,real_experiment,n.s.
Heart,F1,BP,0.8665,0.0245,0.0088,0.02854,0.2129,+0.108,≈,real_experiment,n.s.
Heart,F1,BP-30,0.8539,0.0241,0.0086,0.02854,0.0009265,+0.389,↑,real_experiment,OK
